review_id,product_id,rating,reviews
1,353,4,"Not bad, could be better."
2,1081,2,Disappointed.
3,40,3,"Not bad, could be better."
4,1360,5,Works as expected.
5,640,5,Terrible experience.
6,173,2,Absolutely loved it!
7,259,1,Best purchase ever!
8,517,3,Disappointed.
9,730,2,Absolutely loved it!
10,523,4,It's okay for the price.
11,839,3,Exceeded my expectations.
12,117,5,"Not bad, could be better."
13,184,2,"Not bad, could be better."
14,1140,5,Highly recommended.
15,162,5,Absolutely loved it!
16,543,5,Exceeded my expectations.
17,1261,1,"Not bad, could be better."
18,839,5,It's okay for the price.
19,1090,4,Highly recommended.
20,1094,4,Absolutely loved it!
21,447,3,Highly recommended.
22,416,5,Absolutely loved it!
23,532,5,Wouldn't buy again.
24,441,2,Wouldn't buy again.
25,738,1,Works as expected.
26,464,3,Disappointed.
27,396,5,Highly recommended.
28,711,2,Works as expected.
29,395,1,Highly recommended.
30,326,3,"Not bad, could be better."
31,1115,3,Best purchase ever!
32,750,5,Highly recommended.
33,1094,3,"Not bad, could be better."
34,1190,2,Exceeded my expectations.
35,642,3,Wouldn't buy again.
36,214,4,Works as expected.
37,1359,2,Best purchase ever!
38,369,1,It's okay for the price.
39,49,1,Wouldn't buy again.
40,1076,5,Works as expected.
41,1313,5,Best purchase ever!
42,1263,4,It's okay for the price.
43,133,1,Terrible experience.
44,999,1,"Not bad, could be better."
45,786,1,Terrible experience.
46,1190,1,"Not bad, could be better."
47,1398,3,Absolutely loved it!
48,373,2,Disappointed.
49,479,2,Best purchase ever!
50,832,4,Terrible experience.
51,650,3,Disappointed.
52,682,1,Best purchase ever!
53,688,1,Works as expected.
54,1324,5,Absolutely loved it!
55,82,5,Works as expected.
56,87,4,"Not bad, could be better."
57,225,1,Disappointed.
58,16,4,Best purchase ever!
59,822,3,Highly recommended.
60,1382,2,Disappointed.
61,163,1,Exceeded my expectations.
62,514,3,It's okay for the price.
63,350,1,Terrible experience.
64,681,5,Best purchase ever!
65,1488,4,Wouldn't buy again.
66,1399,5,Wouldn't buy again.
67,1116,2,It's okay for the price.
68,181,5,"Not bad, could be better."
69,743,1,Disappointed.
70,1325,5,Disappointed.
71,660,1,Wouldn't buy again.
72,1213,2,Disappointed.
73,1338,5,It's okay for the price.
74,493,4,Disappointed.
75,923,4,"Not bad, could be better."
76,128,4,Terrible experience.
77,1450,5,Exceeded my expectations.
78,565,5,Terrible experience.
79,1211,5,Exceeded my expectations.
80,550,1,Highly recommended.
81,453,2,Terrible experience.
82,471,4,It's okay for the price.
83,988,1,Absolutely loved it!
84,738,4,Highly recommended.
85,224,1,Exceeded my expectations.
86,154,5,Exceeded my expectations.
87,560,4,Highly recommended.
88,351,5,Exceeded my expectations.
89,1171,4,Best purchase ever!
90,349,3,Absolutely loved it!
91,182,1,It's okay for the price.
92,637,3,Best purchase ever!
93,1018,1,Exceeded my expectations.
94,179,2,Terrible experience.
95,1063,4,Best purchase ever!
96,772,2,Terrible experience.
97,894,2,Highly recommended.
98,1027,1,Disappointed.
99,1016,3,Works as expected.
100,64,5,Exceeded my expectations.
101,29,1,Works as expected.
102,372,5,Absolutely loved it!
103,97,2,Terrible experience.
104,1466,5,Best purchase ever!
105,1227,3,Works as expected.
106,1435,1,"Not bad, could be better."
107,993,3,Exceeded my expectations.
108,21,3,Works as expected.
109,735,1,Best purchase ever!
110,1126,3,Best purchase ever!
111,1070,4,Absolutely loved it!
112,66,4,Wouldn't buy again.
113,603,4,It's okay for the price.
114,1188,5,"Not bad, could be better."
115,1135,3,Works as expected.
116,338,1,It's okay for the price.
117,123,1,"Not bad, could be better."
118,447,5,Wouldn't buy again.
119,611,1,Works as expected.
120,1315,4,"Not bad, could be better."
121,671,3,It's okay for the price.
122,1436,1,Terrible experience.
123,615,1,Best purchase ever!
124,897,2,Disappointed.
125,281,2,Highly recommended.
126,1067,2,Exceeded my expectations.
127,596,3,Disappointed.
128,703,4,Works as expected.
129,1075,4,Works as expected.
130,210,4,"Not bad, could be better."
131,126,3,Best purchase ever!
132,492,3,Wouldn't buy again.
133,960,2,Absolutely loved it!
134,970,1,"Not bad, could be better."
135,581,5,Absolutely loved it!
136,777,5,Highly recommended.
137,258,1,It's okay for the price.
138,1212,2,"Not bad, could be better."
139,230,1,Highly recommended.
140,189,1,Exceeded my expectations.
141,1439,5,"Not bad, could be better."
142,10,2,Best purchase ever!
143,1138,3,Best purchase ever!
144,1100,5,Works as expected.
145,676,3,Exceeded my expectations.
146,502,2,Works as expected.
147,85,1,Absolutely loved it!
148,49,4,Disappointed.
149,838,4,Wouldn't buy again.
150,1008,2,Exceeded my expectations.
151,689,4,It's okay for the price.
152,387,3,Wouldn't buy again.
153,970,4,Wouldn't buy again.
154,1413,2,Terrible experience.
155,1006,2,"Not bad, could be better."
156,218,3,It's okay for the price.
157,1005,4,Exceeded my expectations.
158,1370,4,Works as expected.
159,1254,1,Absolutely loved it!
160,255,5,"Not bad, could be better."
161,236,2,Terrible experience.
162,1050,1,Absolutely loved it!
163,1285,2,Exceeded my expectations.
164,271,1,Disappointed.
165,123,5,Wouldn't buy again.
166,656,1,Terrible experience.
167,1281,2,Absolutely loved it!
168,1445,4,Works as expected.
169,259,2,Terrible experience.
170,948,3,Absolutely loved it!
171,47,3,Terrible experience.
172,863,3,Works as expected.
173,525,3,Works as expected.
174,888,5,It's okay for the price.
175,208,4,Best purchase ever!
176,1335,4,Wouldn't buy again.
177,747,2,"Not bad, could be better."
178,149,1,"Not bad, could be better."
179,438,2,Exceeded my expectations.
180,155,2,Highly recommended.
181,1114,2,Exceeded my expectations.
182,358,2,Highly recommended.
183,1198,4,Terrible experience.
184,1241,1,Highly recommended.
185,456,2,Best purchase ever!
186,776,4,Best purchase ever!
187,629,2,Wouldn't buy again.
188,1223,3,Absolutely loved it!
189,832,2,"Not bad, could be better."
190,486,2,Wouldn't buy again.
191,533,5,Best purchase ever!
192,200,3,Absolutely loved it!
193,371,1,Exceeded my expectations.
194,1014,2,"Not bad, could be better."
195,853,1,It's okay for the price.
196,1472,3,"Not bad, could be better."
197,248,2,Terrible experience.
198,788,5,Disappointed.
199,264,4,"Not bad, could be better."
200,1082,5,Best purchase ever!
201,1326,5,Terrible experience.
202,31,4,Works as expected.
203,1273,4,Highly recommended.
204,605,4,Exceeded my expectations.
205,1295,2,It's okay for the price.
206,1418,1,Exceeded my expectations.
207,502,1,Works as expected.
208,1108,4,Disappointed.
209,1389,5,"Not bad, could be better."
210,886,3,Wouldn't buy again.
211,549,4,Terrible experience.
212,1366,5,It's okay for the price.
213,839,5,Works as expected.
214,1431,2,Disappointed.
215,1449,2,Exceeded my expectations.
216,1117,1,Works as expected.
217,848,1,It's okay for the price.
218,614,3,It's okay for the price.
219,412,3,Disappointed.
220,432,3,Exceeded my expectations.
221,678,3,Best purchase ever!
222,159,5,It's okay for the price.
223,14,5,Terrible experience.
224,373,1,Terrible experience.
225,225,2,Highly recommended.
226,1097,2,Exceeded my expectations.
227,1273,4,Works as expected.
228,511,5,Terrible experience.
229,603,3,Disappointed.
230,216,3,Works as expected.
231,988,4,Exceeded my expectations.
232,1244,2,Disappointed.
233,840,3,"Not bad, could be better."
234,727,2,Absolutely loved it!
235,1245,4,Terrible experience.
236,1413,2,Terrible experience.
237,554,2,Highly recommended.
238,1066,2,Best purchase ever!
239,676,3,Highly recommended.
240,873,1,Exceeded my expectations.
241,283,5,Highly recommended.
242,1082,2,Best purchase ever!
243,834,2,Best purchase ever!
244,537,2,It's okay for the price.
245,1097,1,It's okay for the price.
246,923,4,Absolutely loved it!
247,1153,3,Disappointed.
248,842,1,"Not bad, could be better."
249,1450,2,Best purchase ever!
250,948,1,"Not bad, could be better."
251,665,1,Terrible experience.
252,1149,1,Wouldn't buy again.
253,67,4,Absolutely loved it!
254,6,5,Exceeded my expectations.
255,637,3,Works as expected.
256,314,4,"Not bad, could be better."
257,1350,4,Highly recommended.
258,565,5,Best purchase ever!
259,826,4,"Not bad, could be better."
260,506,1,Works as expected.
261,1106,1,Best purchase ever!
262,1026,2,Exceeded my expectations.
263,204,4,Wouldn't buy again.
264,662,2,Highly recommended.
265,805,3,"Not bad, could be better."
266,404,1,It's okay for the price.
267,1127,3,Absolutely loved it!
268,536,5,"Not bad, could be better."
269,1392,1,"Not bad, could be better."
270,1236,3,Works as expected.
271,577,5,Works as expected.
272,1233,3,Absolutely loved it!
273,763,5,"Not bad, could be better."
274,117,5,Disappointed.
275,628,1,Exceeded my expectations.
276,749,2,Works as expected.
277,105,5,Works as expected.
278,495,5,Disappointed.
279,46,1,Best purchase ever!
280,823,2,"Not bad, could be better."
281,1355,4,Absolutely loved it!
282,1240,4,Works as expected.
283,982,2,Absolutely loved it!
284,960,3,Absolutely loved it!
285,845,1,Exceeded my expectations.
286,449,2,It's okay for the price.
287,536,4,Works as expected.
288,511,5,Highly recommended.
289,1482,4,Best purchase ever!
290,540,5,Absolutely loved it!
291,16,1,Works as expected.
292,243,5,Best purchase ever!
293,1231,2,Highly recommended.
294,912,5,Works as expected.
295,1295,3,"Not bad, could be better."
296,761,2,Absolutely loved it!
297,705,1,Highly recommended.
298,115,2,"Not bad, could be better."
299,1323,3,Absolutely loved it!
300,397,1,Terrible experience.
301,394,4,Wouldn't buy again.
302,1099,3,Disappointed.
303,978,1,Absolutely loved it!
304,1127,5,Highly recommended.
305,297,2,Highly recommended.
306,1002,1,Wouldn't buy again.
307,178,2,Works as expected.
308,1239,5,Disappointed.
309,967,1,Best purchase ever!
310,315,4,Absolutely loved it!
311,1063,3,Works as expected.
312,259,1,"Not bad, could be better."
313,7,5,Best purchase ever!
314,49,1,Disappointed.
315,161,2,Works as expected.
316,176,1,It's okay for the price.
317,1026,4,Best purchase ever!
318,1001,1,Exceeded my expectations.
319,455,3,Exceeded my expectations.
320,276,1,Absolutely loved it!
321,498,2,Absolutely loved it!
322,676,1,Absolutely loved it!
323,1052,4,Disappointed.
324,1357,5,It's okay for the price.
325,1025,1,Works as expected.
326,1212,1,"Not bad, could be better."
327,56,3,Terrible experience.
328,547,4,Highly recommended.
329,1136,5,"Not bad, could be better."
330,1334,2,Works as expected.
331,36,1,It's okay for the price.
332,439,5,Disappointed.
333,595,2,Best purchase ever!
334,1349,4,"Not bad, could be better."
335,307,4,Best purchase ever!
336,619,5,Terrible experience.
337,1133,2,Works as expected.
338,1396,4,It's okay for the price.
339,357,5,Works as expected.
340,181,4,Highly recommended.
341,1380,4,Disappointed.
342,68,4,Highly recommended.
343,292,3,Works as expected.
344,692,2,Highly recommended.
345,181,5,Wouldn't buy again.
346,1490,5,Works as expected.
347,434,2,It's okay for the price.
348,1488,2,"Not bad, could be better."
349,914,2,It's okay for the price.
350,66,2,Wouldn't buy again.
351,1045,1,"Not bad, could be better."
352,384,5,Wouldn't buy again.
353,39,1,"Not bad, could be better."
354,1309,4,It's okay for the price.
355,822,4,Works as expected.
356,602,5,Absolutely loved it!
357,785,4,Exceeded my expectations.
358,1360,2,Exceeded my expectations.
359,1212,1,Wouldn't buy again.
360,671,2,Exceeded my expectations.
361,1267,4,It's okay for the price.
362,1097,1,Best purchase ever!
363,479,2,Wouldn't buy again.
364,561,5,"Not bad, could be better."
365,101,2,Disappointed.
366,514,4,Highly recommended.
367,176,1,It's okay for the price.
368,238,5,"Not bad, could be better."
369,910,1,Best purchase ever!
370,1083,5,Disappointed.
371,1123,1,Exceeded my expectations.
372,871,4,Best purchase ever!
373,495,5,Wouldn't buy again.
374,947,3,Terrible experience.
375,755,1,Terrible experience.
376,1321,1,Exceeded my expectations.
377,211,2,Terrible experience.
378,1147,5,Terrible experience.
379,1253,3,"Not bad, could be better."
380,1412,4,"Not bad, could be better."
381,140,2,Highly recommended.
382,541,3,Works as expected.
383,1415,5,Exceeded my expectations.
384,270,3,Terrible experience.
385,1036,1,Highly recommended.
386,1413,1,Exceeded my expectations.
387,1361,2,Terrible experience.
388,506,5,It's okay for the price.
389,1130,5,Absolutely loved it!
390,32,3,It's okay for the price.
391,1098,2,Disappointed.
392,1195,5,Exceeded my expectations.
393,1093,1,Works as expected.
394,813,3,Disappointed.
395,362,4,Highly recommended.
396,1457,1,Highly recommended.
397,929,2,Terrible experience.
398,100,5,Disappointed.
399,9,1,Terrible experience.
400,697,4,Exceeded my expectations.
401,1053,4,Highly recommended.
402,1138,2,Absolutely loved it!
403,462,1,Highly recommended.
404,921,3,"Not bad, could be better."
405,1167,1,Best purchase ever!
406,390,4,Works as expected.
407,632,2,Disappointed.
408,682,2,Terrible experience.
409,157,3,Best purchase ever!
410,335,2,Best purchase ever!
411,260,2,It's okay for the price.
412,82,2,Wouldn't buy again.
413,754,2,It's okay for the price.
414,1465,2,It's okay for the price.
415,1196,4,Works as expected.
416,1255,1,"Not bad, could be better."
417,720,5,Highly recommended.
418,75,2,It's okay for the price.
419,1294,5,Exceeded my expectations.
420,626,5,Highly recommended.
421,62,4,"Not bad, could be better."
422,874,2,Terrible experience.
423,320,5,Wouldn't buy again.
424,102,2,Highly recommended.
425,1453,3,Disappointed.
426,874,3,Works as expected.
427,954,3,Best purchase ever!
428,255,5,Terrible experience.
429,570,3,"Not bad, could be better."
430,112,4,It's okay for the price.
431,985,4,Exceeded my expectations.
432,1337,5,Exceeded my expectations.
433,998,2,Wouldn't buy again.
434,461,1,"Not bad, could be better."
435,708,2,Terrible experience.
436,887,2,Disappointed.
437,1486,2,Best purchase ever!
438,1116,2,It's okay for the price.
439,1076,1,Works as expected.
440,520,3,Absolutely loved it!
441,812,2,Absolutely loved it!
442,1122,4,It's okay for the price.
443,236,5,Terrible experience.
444,1398,5,It's okay for the price.
445,927,4,"Not bad, could be better."
446,557,2,Absolutely loved it!
447,649,1,Wouldn't buy again.
448,234,3,"Not bad, could be better."
449,1056,5,Absolutely loved it!
450,1313,3,Disappointed.
451,579,1,Best purchase ever!
452,542,5,Exceeded my expectations.
453,114,3,"Not bad, could be better."
454,204,1,Exceeded my expectations.
455,1053,3,Exceeded my expectations.
456,643,2,Absolutely loved it!
457,474,1,"Not bad, could be better."
458,697,3,Best purchase ever!
459,253,2,Disappointed.
460,905,2,Highly recommended.
461,386,1,Wouldn't buy again.
462,62,4,Exceeded my expectations.
463,515,5,Best purchase ever!
464,430,1,Works as expected.
465,580,2,Works as expected.
466,1165,2,Highly recommended.
467,743,1,Highly recommended.
468,1324,4,Highly recommended.
469,675,5,Wouldn't buy again.
470,311,3,Wouldn't buy again.
471,471,1,Disappointed.
472,1417,5,Exceeded my expectations.
473,1469,5,Terrible experience.
474,809,2,Works as expected.
475,172,3,Absolutely loved it!
476,576,1,Absolutely loved it!
477,31,2,Highly recommended.
478,47,2,It's okay for the price.
479,130,4,Works as expected.
480,352,5,Terrible experience.
481,978,1,Terrible experience.
482,58,1,Absolutely loved it!
483,1130,1,It's okay for the price.
484,812,2,Terrible experience.
485,1354,4,Works as expected.
486,768,3,Exceeded my expectations.
487,683,2,Best purchase ever!
488,1407,3,It's okay for the price.
489,1186,4,Terrible experience.
490,997,5,It's okay for the price.
491,286,1,It's okay for the price.
492,1095,3,Exceeded my expectations.
493,1478,2,Works as expected.
494,886,3,Absolutely loved it!
495,397,5,Exceeded my expectations.
496,26,1,Terrible experience.
497,313,3,Highly recommended.
498,126,5,Exceeded my expectations.
499,1432,2,Highly recommended.
500,1222,4,"Not bad, could be better."
501,811,2,Absolutely loved it!
502,188,1,Works as expected.
503,698,2,Best purchase ever!
504,810,2,It's okay for the price.
505,716,2,Highly recommended.
506,450,2,Best purchase ever!
507,523,1,Best purchase ever!
508,1378,5,Highly recommended.
509,986,3,Best purchase ever!
510,658,4,It's okay for the price.
511,597,3,Disappointed.
512,100,3,"Not bad, could be better."
513,616,4,Highly recommended.
514,948,1,It's okay for the price.
515,556,4,Absolutely loved it!
516,278,1,Highly recommended.
517,491,3,It's okay for the price.
518,255,1,It's okay for the price.
519,381,5,Exceeded my expectations.
520,892,4,Disappointed.
521,542,5,Highly recommended.
522,1288,3,Works as expected.
523,825,4,It's okay for the price.
524,879,3,"Not bad, could be better."
525,1353,5,Exceeded my expectations.
526,1139,3,It's okay for the price.
527,1300,4,Highly recommended.
528,281,4,Terrible experience.
529,1299,3,It's okay for the price.
530,773,4,Wouldn't buy again.
531,843,4,Terrible experience.
532,719,3,It's okay for the price.
533,328,5,Best purchase ever!
534,211,4,It's okay for the price.
535,727,4,Absolutely loved it!
536,923,4,Best purchase ever!
537,552,4,Highly recommended.
538,26,3,"Not bad, could be better."
539,27,5,Terrible experience.
540,702,5,Works as expected.
541,1107,1,Exceeded my expectations.
542,682,4,"Not bad, could be better."
543,413,4,Best purchase ever!
544,167,1,Exceeded my expectations.
545,169,5,Terrible experience.
546,229,2,Works as expected.
547,367,2,Wouldn't buy again.
548,528,5,Wouldn't buy again.
549,791,4,Works as expected.
550,524,2,Exceeded my expectations.
551,1096,3,Highly recommended.
552,106,3,Exceeded my expectations.
553,732,1,It's okay for the price.
554,965,5,Exceeded my expectations.
555,1306,5,Highly recommended.
556,133,2,"Not bad, could be better."
557,534,4,Terrible experience.
558,975,5,Exceeded my expectations.
559,269,2,Terrible experience.
560,1436,2,Best purchase ever!
561,673,5,Wouldn't buy again.
562,791,2,Wouldn't buy again.
563,18,1,Highly recommended.
564,117,1,Best purchase ever!
565,798,5,Wouldn't buy again.
566,1168,4,Highly recommended.
567,551,1,Exceeded my expectations.
568,929,1,Best purchase ever!
569,753,5,It's okay for the price.
570,422,3,It's okay for the price.
571,1393,2,It's okay for the price.
572,646,1,"Not bad, could be better."
573,558,3,It's okay for the price.
574,50,4,Best purchase ever!
575,678,3,Absolutely loved it!
576,106,5,Wouldn't buy again.
577,1240,4,It's okay for the price.
578,658,4,Best purchase ever!
579,1449,3,Disappointed.
580,1096,5,Exceeded my expectations.
581,988,1,"Not bad, could be better."
582,842,3,Terrible experience.
583,446,1,Highly recommended.
584,1210,3,Disappointed.
585,70,1,Disappointed.
586,150,3,"Not bad, could be better."
587,1270,4,Highly recommended.
588,774,2,"Not bad, could be better."
589,1123,4,It's okay for the price.
590,1302,1,Terrible experience.
591,944,5,Highly recommended.
592,455,4,Best purchase ever!
593,1128,2,Wouldn't buy again.
594,946,1,"Not bad, could be better."
595,601,4,Terrible experience.
596,653,3,Exceeded my expectations.
597,725,5,Absolutely loved it!
598,233,1,Exceeded my expectations.
599,1418,4,Absolutely loved it!
600,251,1,Works as expected.
601,79,3,Best purchase ever!
602,1076,2,Works as expected.
603,898,4,"Not bad, could be better."
604,921,1,"Not bad, could be better."
605,781,1,Absolutely loved it!
606,226,1,Highly recommended.
607,1075,2,Terrible experience.
608,1210,1,It's okay for the price.
609,1058,5,Disappointed.
610,803,5,"Not bad, could be better."
611,742,1,Works as expected.
612,131,5,Works as expected.
613,1023,4,Exceeded my expectations.
614,632,5,Best purchase ever!
615,1467,1,Absolutely loved it!
616,838,3,Disappointed.
617,759,4,Absolutely loved it!
618,1456,2,"Not bad, could be better."
619,704,1,Wouldn't buy again.
620,497,2,Disappointed.
621,1427,3,Exceeded my expectations.
622,323,2,Works as expected.
623,1234,1,Exceeded my expectations.
624,615,1,"Not bad, could be better."
625,329,3,Wouldn't buy again.
626,1396,1,It's okay for the price.
627,1484,3,Disappointed.
628,133,3,Absolutely loved it!
629,835,1,Disappointed.
630,651,5,Works as expected.
631,121,3,Absolutely loved it!
632,606,1,It's okay for the price.
633,1476,5,It's okay for the price.
634,965,3,Best purchase ever!
635,129,5,Absolutely loved it!
636,1115,4,Terrible experience.
637,29,4,Wouldn't buy again.
638,722,5,Terrible experience.
639,333,3,It's okay for the price.
640,1321,1,Absolutely loved it!
641,1154,2,Best purchase ever!
642,1317,1,Disappointed.
643,1197,2,Disappointed.
644,944,2,Disappointed.
645,1048,3,Best purchase ever!
646,1123,5,"Not bad, could be better."
647,1430,1,Absolutely loved it!
648,356,5,Terrible experience.
649,139,4,Wouldn't buy again.
650,1198,3,It's okay for the price.
651,29,3,Wouldn't buy again.
652,931,4,It's okay for the price.
653,496,1,Absolutely loved it!
654,1014,4,Absolutely loved it!
655,655,1,Exceeded my expectations.
656,828,2,Terrible experience.
657,351,3,Works as expected.
658,554,1,It's okay for the price.
659,299,5,Highly recommended.
660,1216,5,Works as expected.
661,64,3,Disappointed.
662,755,4,Wouldn't buy again.
663,770,4,Absolutely loved it!
664,1239,1,Highly recommended.
665,834,4,It's okay for the price.
666,166,3,"Not bad, could be better."
667,1256,1,It's okay for the price.
668,1219,2,Wouldn't buy again.
669,506,4,It's okay for the price.
670,1358,4,It's okay for the price.
671,793,1,Best purchase ever!
672,1328,5,Terrible experience.
673,833,4,Works as expected.
674,1461,3,"Not bad, could be better."
675,1347,4,Absolutely loved it!
676,858,2,It's okay for the price.
677,1417,4,"Not bad, could be better."
678,806,5,Exceeded my expectations.
679,1173,4,It's okay for the price.
680,761,1,Best purchase ever!
681,833,4,Best purchase ever!
682,1429,5,Highly recommended.
683,283,1,Disappointed.
684,1386,3,Wouldn't buy again.
685,379,1,Works as expected.
686,198,2,Exceeded my expectations.
687,1015,1,Wouldn't buy again.
688,1024,3,Wouldn't buy again.
689,556,4,Highly recommended.
690,356,1,Best purchase ever!
691,1453,1,Terrible experience.
692,1041,1,"Not bad, could be better."
693,639,1,Absolutely loved it!
694,379,3,Terrible experience.
695,680,5,Terrible experience.
696,506,5,Disappointed.
697,899,1,Disappointed.
698,76,3,Terrible experience.
699,231,3,Best purchase ever!
700,962,1,Wouldn't buy again.
701,1272,2,"Not bad, could be better."
702,302,1,Wouldn't buy again.
703,726,2,Wouldn't buy again.
704,215,1,Wouldn't buy again.
705,1182,2,"Not bad, could be better."
706,69,2,"Not bad, could be better."
707,393,1,Highly recommended.
708,1109,2,Works as expected.
709,267,4,Terrible experience.
710,1093,5,It's okay for the price.
711,611,3,Highly recommended.
712,1371,2,Highly recommended.
713,1009,2,Absolutely loved it!
714,962,3,It's okay for the price.
715,728,2,Disappointed.
716,673,3,Absolutely loved it!
717,423,1,Disappointed.
718,1198,4,Works as expected.
719,115,4,Exceeded my expectations.
720,220,5,Disappointed.
721,31,2,Wouldn't buy again.
722,1367,5,Disappointed.
723,1401,1,It's okay for the price.
724,1154,4,"Not bad, could be better."
725,617,1,It's okay for the price.
726,539,1,Works as expected.
727,739,2,Highly recommended.
728,1026,1,Wouldn't buy again.
729,871,4,Exceeded my expectations.
730,101,5,Works as expected.
731,1082,4,Highly recommended.
732,1413,2,Best purchase ever!
733,692,4,It's okay for the price.
734,941,3,Works as expected.
735,341,5,It's okay for the price.
736,861,3,Exceeded my expectations.
737,1044,3,Highly recommended.
738,1279,2,It's okay for the price.
739,1341,1,"Not bad, could be better."
740,38,3,Disappointed.
741,660,4,Absolutely loved it!
742,1410,1,Exceeded my expectations.
743,928,4,Absolutely loved it!
744,1050,4,Terrible experience.
745,454,1,Disappointed.
746,1347,1,Exceeded my expectations.
747,737,4,Works as expected.
748,819,2,"Not bad, could be better."
749,773,5,Works as expected.
750,13,5,Best purchase ever!
751,915,2,Terrible experience.
752,921,1,"Not bad, could be better."
753,825,4,It's okay for the price.
754,371,5,It's okay for the price.
755,1315,4,Wouldn't buy again.
756,332,2,It's okay for the price.
757,261,4,Highly recommended.
758,1229,2,Terrible experience.
759,697,1,Highly recommended.
760,687,2,Disappointed.
761,950,2,Wouldn't buy again.
762,387,5,Wouldn't buy again.
763,821,4,It's okay for the price.
764,468,5,"Not bad, could be better."
765,1439,3,Disappointed.
766,69,2,Best purchase ever!
767,1496,3,Terrible experience.
768,1128,5,Terrible experience.
769,1185,4,Exceeded my expectations.
770,200,5,Works as expected.
771,216,4,It's okay for the price.
772,212,4,Exceeded my expectations.
773,508,1,Best purchase ever!
774,16,2,Wouldn't buy again.
775,884,5,Absolutely loved it!
776,332,4,Best purchase ever!
777,717,5,Best purchase ever!
778,551,5,"Not bad, could be better."
779,942,4,"Not bad, could be better."
780,256,3,"Not bad, could be better."
781,992,2,"Not bad, could be better."
782,728,2,Works as expected.
783,880,1,It's okay for the price.
784,815,1,Terrible experience.
785,1196,1,It's okay for the price.
786,649,2,It's okay for the price.
787,1000,3,Terrible experience.
788,471,2,"Not bad, could be better."
789,1408,2,It's okay for the price.
790,690,2,Works as expected.
791,700,2,"Not bad, could be better."
792,507,3,Works as expected.
793,992,1,Exceeded my expectations.
794,1010,5,It's okay for the price.
795,804,1,Highly recommended.
796,831,1,Works as expected.
797,1349,5,Exceeded my expectations.
798,214,2,Disappointed.
799,1232,3,Disappointed.
800,169,3,Exceeded my expectations.
801,1354,1,Wouldn't buy again.
802,1304,5,Wouldn't buy again.
803,978,4,"Not bad, could be better."
804,1329,2,Wouldn't buy again.
805,146,1,Disappointed.
806,516,3,Wouldn't buy again.
807,1114,5,Highly recommended.
808,453,5,Disappointed.
809,60,1,Works as expected.
810,1335,4,Best purchase ever!
811,528,3,Wouldn't buy again.
812,1251,1,Wouldn't buy again.
813,1024,4,It's okay for the price.
814,474,5,Terrible experience.
815,757,2,Highly recommended.
816,782,3,Disappointed.
817,1103,3,Disappointed.
818,433,4,Absolutely loved it!
819,1177,1,Terrible experience.
820,401,5,Wouldn't buy again.
821,1303,4,Exceeded my expectations.
822,57,2,It's okay for the price.
823,1003,2,Works as expected.
824,186,2,It's okay for the price.
825,398,4,Wouldn't buy again.
826,605,5,Absolutely loved it!
827,788,3,Best purchase ever!
828,158,1,Disappointed.
829,1383,3,Works as expected.
830,1464,5,Terrible experience.
831,589,3,Wouldn't buy again.
832,466,4,Highly recommended.
833,446,2,Exceeded my expectations.
834,801,5,It's okay for the price.
835,1097,5,Absolutely loved it!
836,929,3,Best purchase ever!
837,17,4,"Not bad, could be better."
838,731,3,Exceeded my expectations.
839,326,3,Wouldn't buy again.
840,995,5,Best purchase ever!
841,613,3,Exceeded my expectations.
842,546,2,Exceeded my expectations.
843,596,3,Disappointed.
844,921,2,Exceeded my expectations.
845,842,5,Highly recommended.
846,1226,4,Best purchase ever!
847,344,2,Wouldn't buy again.
848,859,4,Wouldn't buy again.
849,1424,4,Highly recommended.
850,1242,2,Terrible experience.
851,445,5,Best purchase ever!
852,222,1,Exceeded my expectations.
853,1407,4,Absolutely loved it!
854,592,4,Works as expected.
855,1031,5,Best purchase ever!
856,1296,5,"Not bad, could be better."
857,1018,3,Absolutely loved it!
858,16,5,Highly recommended.
859,1448,4,Exceeded my expectations.
860,524,2,Terrible experience.
861,803,1,"Not bad, could be better."
862,21,3,Terrible experience.
863,228,2,Terrible experience.
864,1008,1,It's okay for the price.
865,1312,1,Disappointed.
866,809,1,"Not bad, could be better."
867,1158,2,Works as expected.
868,1307,3,Disappointed.
869,404,3,"Not bad, could be better."
870,1090,1,Terrible experience.
871,437,2,Disappointed.
872,829,1,"Not bad, could be better."
873,934,5,Works as expected.
874,259,3,Absolutely loved it!
875,103,4,Best purchase ever!
876,993,1,Exceeded my expectations.
877,769,5,"Not bad, could be better."
878,1125,3,Works as expected.
879,1222,2,Best purchase ever!
880,813,3,Disappointed.
881,226,2,"Not bad, could be better."
882,943,2,"Not bad, could be better."
883,463,1,Highly recommended.
884,237,1,"Not bad, could be better."
885,1050,3,Exceeded my expectations.
886,1145,5,Highly recommended.
887,506,3,Best purchase ever!
888,1206,4,Disappointed.
889,814,2,Disappointed.
890,767,2,Wouldn't buy again.
891,634,1,Wouldn't buy again.
892,1339,5,Best purchase ever!
893,991,1,It's okay for the price.
894,618,4,Works as expected.
895,273,3,It's okay for the price.
896,232,3,Works as expected.
897,1444,5,Highly recommended.
898,768,1,Best purchase ever!
899,1466,1,Works as expected.
900,496,4,Wouldn't buy again.
901,1048,3,Wouldn't buy again.
902,1133,1,Terrible experience.
903,502,5,Works as expected.
904,25,3,Best purchase ever!
905,1211,4,Absolutely loved it!
906,288,5,Highly recommended.
907,338,2,"Not bad, could be better."
908,1061,4,"Not bad, could be better."
909,137,5,Works as expected.
910,508,1,It's okay for the price.
911,227,2,Highly recommended.
912,320,4,Disappointed.
913,916,1,Exceeded my expectations.
914,1206,2,"Not bad, could be better."
915,86,3,Wouldn't buy again.
916,1491,1,Highly recommended.
917,926,5,It's okay for the price.
918,53,4,Best purchase ever!
919,860,2,It's okay for the price.
920,867,1,Highly recommended.
921,1259,3,Disappointed.
922,433,4,"Not bad, could be better."
923,999,4,Wouldn't buy again.
924,100,1,Absolutely loved it!
925,990,3,Best purchase ever!
926,599,2,Wouldn't buy again.
927,403,1,Disappointed.
928,396,2,Exceeded my expectations.
929,415,4,Disappointed.
930,939,2,Disappointed.
931,677,3,"Not bad, could be better."
932,463,5,Highly recommended.
933,541,3,Highly recommended.
934,1388,2,Wouldn't buy again.
935,1154,1,Exceeded my expectations.
936,84,4,Exceeded my expectations.
937,271,5,It's okay for the price.
938,244,1,Absolutely loved it!
939,388,1,Disappointed.
940,214,3,Absolutely loved it!
941,818,2,Terrible experience.
942,1190,3,Works as expected.
943,59,2,Disappointed.
944,883,3,Absolutely loved it!
945,843,1,"Not bad, could be better."
946,924,4,Works as expected.
947,123,2,Exceeded my expectations.
948,1437,5,Disappointed.
949,1163,5,Disappointed.
950,1253,1,Exceeded my expectations.
951,1298,3,It's okay for the price.
952,439,3,"Not bad, could be better."
953,1022,1,Disappointed.
954,562,5,Absolutely loved it!
955,118,5,Disappointed.
956,905,3,Works as expected.
957,395,2,Disappointed.
958,876,4,Absolutely loved it!
959,1484,2,Best purchase ever!
960,935,5,Works as expected.
961,1102,2,Wouldn't buy again.
962,952,4,Wouldn't buy again.
963,1436,2,Works as expected.
964,75,2,"Not bad, could be better."
965,295,2,Best purchase ever!
966,21,2,Works as expected.
967,1195,1,Absolutely loved it!
968,1039,5,Terrible experience.
969,1235,4,Highly recommended.
970,560,5,Disappointed.
971,1110,1,It's okay for the price.
972,1173,1,Best purchase ever!
973,372,1,Absolutely loved it!
974,818,1,It's okay for the price.
975,1175,2,Wouldn't buy again.
976,1165,5,Works as expected.
977,1093,3,Best purchase ever!
978,1284,4,Exceeded my expectations.
979,846,1,Disappointed.
980,521,5,Highly recommended.
981,371,1,Wouldn't buy again.
982,1443,1,Works as expected.
983,101,1,Disappointed.
984,661,1,Wouldn't buy again.
985,968,1,Exceeded my expectations.
986,243,4,It's okay for the price.
987,753,5,Highly recommended.
988,512,1,Highly recommended.
989,849,1,Disappointed.
990,555,1,Absolutely loved it!
991,1119,1,Disappointed.
992,226,2,Wouldn't buy again.
993,214,2,Absolutely loved it!
994,718,3,Highly recommended.
995,67,1,Terrible experience.
996,396,3,Highly recommended.
997,612,4,Disappointed.
998,1036,3,Wouldn't buy again.
999,1261,5,Absolutely loved it!
1000,770,2,Works as expected.
1001,1423,2,Absolutely loved it!
1002,407,1,Exceeded my expectations.
1003,925,1,"Not bad, could be better."
1004,647,4,"Not bad, could be better."
1005,222,4,Best purchase ever!
1006,1180,5,It's okay for the price.
1007,654,1,Best purchase ever!
1008,428,1,Best purchase ever!
1009,1182,4,Absolutely loved it!
1010,977,4,Wouldn't buy again.
1011,1440,4,Best purchase ever!
1012,1006,2,Disappointed.
1013,1350,3,Absolutely loved it!
1014,371,3,Wouldn't buy again.
1015,1368,1,"Not bad, could be better."
1016,1286,2,Terrible experience.
1017,1307,4,Disappointed.
1018,850,1,Works as expected.
1019,856,2,It's okay for the price.
1020,229,5,Works as expected.
1021,280,2,Wouldn't buy again.
1022,1314,1,Exceeded my expectations.
1023,1071,3,Wouldn't buy again.
1024,975,4,Terrible experience.
1025,1238,5,"Not bad, could be better."
1026,758,2,Highly recommended.
1027,1048,1,Wouldn't buy again.
1028,321,1,"Not bad, could be better."
1029,274,4,Works as expected.
1030,556,1,Wouldn't buy again.
1031,844,1,Wouldn't buy again.
1032,1337,4,Best purchase ever!
1033,1387,5,Works as expected.
1034,668,3,It's okay for the price.
1035,1000,3,It's okay for the price.
1036,380,2,Disappointed.
1037,711,5,Exceeded my expectations.
1038,1494,2,Highly recommended.
1039,746,3,Wouldn't buy again.
1040,675,4,Wouldn't buy again.
1041,116,1,Disappointed.
1042,605,3,Exceeded my expectations.
1043,1066,5,Works as expected.
1044,379,3,Wouldn't buy again.
1045,1230,5,"Not bad, could be better."
1046,466,5,Absolutely loved it!
1047,280,5,Exceeded my expectations.
1048,618,2,Wouldn't buy again.
1049,118,4,Exceeded my expectations.
1050,1261,3,It's okay for the price.
1051,309,4,Highly recommended.
1052,1480,1,Wouldn't buy again.
1053,1499,3,Highly recommended.
1054,100,4,Terrible experience.
1055,261,4,Absolutely loved it!
1056,993,1,Disappointed.
1057,1329,5,Highly recommended.
1058,1378,3,Wouldn't buy again.
1059,286,3,Best purchase ever!
1060,328,1,Disappointed.
1061,1127,5,Disappointed.
1062,63,3,Works as expected.
1063,687,3,Highly recommended.
1064,1306,3,Best purchase ever!
1065,1465,5,Highly recommended.
1066,1317,1,Works as expected.
1067,738,3,Absolutely loved it!
1068,1031,4,Wouldn't buy again.
1069,639,5,It's okay for the price.
1070,936,2,It's okay for the price.
1071,1116,1,Highly recommended.
1072,1214,4,Works as expected.
1073,476,3,Exceeded my expectations.
1074,1486,2,Wouldn't buy again.
1075,53,1,Highly recommended.
1076,754,5,Exceeded my expectations.
1077,486,2,Wouldn't buy again.
1078,1388,2,Exceeded my expectations.
1079,1136,4,Disappointed.
1080,409,1,Highly recommended.
1081,1031,4,Works as expected.
1082,668,4,Wouldn't buy again.
1083,1221,3,It's okay for the price.
1084,835,5,Highly recommended.
1085,876,2,Wouldn't buy again.
1086,367,1,Wouldn't buy again.
1087,1002,5,Exceeded my expectations.
1088,250,5,Exceeded my expectations.
1089,1264,1,Best purchase ever!
1090,380,5,Highly recommended.
1091,872,3,Terrible experience.
1092,835,5,"Not bad, could be better."
1093,1495,3,Terrible experience.
1094,775,2,Wouldn't buy again.
1095,919,2,Best purchase ever!
1096,455,4,Wouldn't buy again.
1097,366,3,Terrible experience.
1098,1314,2,Wouldn't buy again.
1099,403,5,Exceeded my expectations.
1100,58,1,Highly recommended.
1101,521,1,It's okay for the price.
1102,1328,3,Terrible experience.
1103,1139,4,"Not bad, could be better."
1104,210,5,"Not bad, could be better."
1105,1065,3,Exceeded my expectations.
1106,816,1,Highly recommended.
1107,173,3,Absolutely loved it!
1108,234,5,Absolutely loved it!
1109,793,2,Works as expected.
1110,793,5,Works as expected.
1111,1427,2,Terrible experience.
1112,1063,2,Exceeded my expectations.
1113,119,2,Exceeded my expectations.
1114,335,3,Wouldn't buy again.
1115,1360,1,"Not bad, could be better."
1116,1098,3,"Not bad, could be better."
1117,1215,1,"Not bad, could be better."
1118,324,5,Best purchase ever!
1119,1011,4,Highly recommended.
1120,1171,5,Disappointed.
1121,284,3,Wouldn't buy again.
1122,213,3,Absolutely loved it!
1123,929,1,Exceeded my expectations.
1124,752,3,Absolutely loved it!
1125,1418,2,Best purchase ever!
1126,339,3,Absolutely loved it!
1127,1046,1,"Not bad, could be better."
1128,105,1,It's okay for the price.
1129,1490,2,Wouldn't buy again.
1130,1483,1,It's okay for the price.
1131,1456,4,Works as expected.
1132,770,5,It's okay for the price.
1133,716,3,Disappointed.
1134,763,4,Exceeded my expectations.
1135,1245,3,Best purchase ever!
1136,379,4,Exceeded my expectations.
1137,1246,3,Disappointed.
1138,1282,2,Exceeded my expectations.
1139,713,1,It's okay for the price.
1140,1391,1,Highly recommended.
1141,1373,2,Exceeded my expectations.
1142,225,4,Works as expected.
1143,738,5,Wouldn't buy again.
1144,236,4,Wouldn't buy again.
1145,183,1,Absolutely loved it!
1146,712,5,Terrible experience.
1147,444,3,It's okay for the price.
1148,623,5,"Not bad, could be better."
1149,1030,4,Disappointed.
1150,1260,2,Best purchase ever!
1151,1151,3,It's okay for the price.
1152,1128,4,Wouldn't buy again.
1153,749,3,Absolutely loved it!
1154,155,5,Exceeded my expectations.
1155,257,1,"Not bad, could be better."
1156,235,4,"Not bad, could be better."
1157,500,2,Terrible experience.
1158,289,5,Highly recommended.
1159,510,4,Terrible experience.
1160,709,2,Exceeded my expectations.
1161,785,4,It's okay for the price.
1162,894,5,Works as expected.
1163,776,4,Disappointed.
1164,298,3,"Not bad, could be better."
1165,137,5,Best purchase ever!
1166,376,4,It's okay for the price.
1167,87,1,Best purchase ever!
1168,1443,4,Absolutely loved it!
1169,1223,3,Best purchase ever!
1170,1487,2,"Not bad, could be better."
1171,437,2,"Not bad, could be better."
1172,1334,2,"Not bad, could be better."
1173,1305,1,It's okay for the price.
1174,1347,3,It's okay for the price.
1175,764,5,Disappointed.
1176,702,2,Wouldn't buy again.
1177,942,3,Highly recommended.
1178,152,4,Exceeded my expectations.
1179,1326,1,Exceeded my expectations.
1180,1302,3,Absolutely loved it!
1181,1032,3,Terrible experience.
1182,807,5,Disappointed.
1183,235,3,Wouldn't buy again.
1184,675,5,Works as expected.
1185,561,1,Absolutely loved it!
1186,1326,1,It's okay for the price.
1187,38,4,Wouldn't buy again.
1188,1160,5,"Not bad, could be better."
1189,822,5,It's okay for the price.
1190,421,2,Terrible experience.
1191,1243,2,Terrible experience.
1192,348,4,Exceeded my expectations.
1193,1103,1,Highly recommended.
1194,748,2,Highly recommended.
1195,273,3,Works as expected.
1196,1185,1,It's okay for the price.
1197,308,3,It's okay for the price.
1198,1398,5,Terrible experience.
1199,976,1,"Not bad, could be better."
1200,733,4,"Not bad, could be better."
1201,1033,5,Best purchase ever!
1202,444,5,"Not bad, could be better."
1203,1137,3,Wouldn't buy again.
1204,1229,5,Highly recommended.
1205,405,2,"Not bad, could be better."
1206,853,1,Disappointed.
1207,1221,2,It's okay for the price.
1208,778,3,"Not bad, could be better."
1209,115,3,Best purchase ever!
1210,1145,1,Works as expected.
1211,65,5,Works as expected.
1212,1300,4,Terrible experience.
1213,825,3,"Not bad, could be better."
1214,239,1,It's okay for the price.
1215,302,4,It's okay for the price.
1216,1416,5,Highly recommended.
1217,969,3,Works as expected.
1218,369,1,Terrible experience.
1219,233,1,"Not bad, could be better."
1220,195,1,Works as expected.
1221,907,3,Works as expected.
1222,1036,4,It's okay for the price.
1223,921,1,"Not bad, could be better."
1224,689,5,Absolutely loved it!
1225,177,1,"Not bad, could be better."
1226,217,4,Wouldn't buy again.
1227,1035,3,Works as expected.
1228,1470,1,Highly recommended.
1229,630,1,Absolutely loved it!
1230,164,5,Best purchase ever!
1231,53,5,Terrible experience.
1232,218,1,"Not bad, could be better."
1233,999,1,Highly recommended.
1234,824,5,Best purchase ever!
1235,1384,4,Best purchase ever!
1236,385,2,Works as expected.
1237,56,2,Wouldn't buy again.
1238,118,1,Works as expected.
1239,900,5,Terrible experience.
1240,1277,3,Absolutely loved it!
1241,798,3,It's okay for the price.
1242,780,2,Disappointed.
1243,1016,4,Absolutely loved it!
1244,803,2,Terrible experience.
1245,845,1,It's okay for the price.
1246,1204,4,Best purchase ever!
1247,1439,3,Absolutely loved it!
1248,1259,5,It's okay for the price.
1249,855,5,"Not bad, could be better."
1250,708,1,Works as expected.
1251,1104,2,Disappointed.
1252,22,1,Highly recommended.
1253,843,5,"Not bad, could be better."
1254,1464,3,Absolutely loved it!
1255,1117,5,Exceeded my expectations.
1256,192,4,It's okay for the price.
1257,1019,5,Best purchase ever!
1258,1127,5,Best purchase ever!
1259,396,4,Exceeded my expectations.
1260,1031,2,Absolutely loved it!
1261,640,5,Best purchase ever!
1262,1019,1,Wouldn't buy again.
1263,567,5,Best purchase ever!
1264,231,1,Disappointed.
1265,874,4,Wouldn't buy again.
1266,574,5,Terrible experience.
1267,240,4,Terrible experience.
1268,90,4,It's okay for the price.
1269,232,2,Wouldn't buy again.
1270,457,5,"Not bad, could be better."
1271,233,1,It's okay for the price.
1272,354,1,"Not bad, could be better."
1273,1005,5,Disappointed.
1274,1357,2,Works as expected.
1275,439,2,Absolutely loved it!
1276,1399,2,Wouldn't buy again.
1277,1316,1,Exceeded my expectations.
1278,345,4,Highly recommended.
1279,664,2,Absolutely loved it!
1280,1452,1,Disappointed.
1281,657,1,Wouldn't buy again.
1282,130,4,Terrible experience.
1283,141,5,Absolutely loved it!
1284,415,5,"Not bad, could be better."
1285,1117,2,Exceeded my expectations.
1286,626,2,Absolutely loved it!
1287,284,4,Highly recommended.
1288,223,2,Disappointed.
1289,744,4,Disappointed.
1290,463,1,It's okay for the price.
1291,1300,2,Disappointed.
1292,1164,1,It's okay for the price.
1293,357,3,Disappointed.
1294,1047,4,Highly recommended.
1295,1294,3,Disappointed.
1296,859,2,Exceeded my expectations.
1297,665,1,Works as expected.
1298,1357,2,Terrible experience.
1299,1015,3,Exceeded my expectations.
1300,85,2,Disappointed.
1301,621,5,Wouldn't buy again.
1302,1055,3,"Not bad, could be better."
1303,240,2,Works as expected.
1304,363,1,Terrible experience.
1305,822,2,"Not bad, could be better."
1306,1413,1,Exceeded my expectations.
1307,668,5,Highly recommended.
1308,1323,2,Highly recommended.
1309,1395,5,"Not bad, could be better."
1310,99,3,Wouldn't buy again.
1311,47,1,"Not bad, could be better."
1312,839,3,Exceeded my expectations.
1313,422,1,"Not bad, could be better."
1314,62,5,Terrible experience.
1315,1133,4,Wouldn't buy again.
1316,1143,2,Best purchase ever!
1317,1010,5,Absolutely loved it!
1318,598,1,Best purchase ever!
1319,1406,1,It's okay for the price.
1320,392,1,"Not bad, could be better."
1321,977,1,Highly recommended.
1322,1076,2,Best purchase ever!
1323,603,3,Disappointed.
1324,1313,4,Exceeded my expectations.
1325,337,2,Best purchase ever!
1326,810,1,Works as expected.
1327,1228,2,Wouldn't buy again.
1328,1262,5,Exceeded my expectations.
1329,1406,1,Highly recommended.
1330,752,4,It's okay for the price.
1331,1160,1,Best purchase ever!
1332,1431,4,Wouldn't buy again.
1333,1386,4,Absolutely loved it!
1334,1405,3,Wouldn't buy again.
1335,881,3,Wouldn't buy again.
1336,635,2,Exceeded my expectations.
1337,254,2,Absolutely loved it!
1338,1138,4,Wouldn't buy again.
1339,20,1,Works as expected.
1340,528,5,Best purchase ever!
1341,1169,5,Best purchase ever!
1342,1232,1,Works as expected.
1343,376,1,Best purchase ever!
1344,166,3,Wouldn't buy again.
1345,1205,5,It's okay for the price.
1346,861,4,Wouldn't buy again.
1347,617,2,Exceeded my expectations.
1348,612,3,Disappointed.
1349,1468,5,It's okay for the price.
1350,1356,1,Highly recommended.
1351,503,5,Highly recommended.
1352,913,4,It's okay for the price.
1353,79,3,Wouldn't buy again.
1354,585,1,"Not bad, could be better."
1355,688,4,Disappointed.
1356,396,2,Works as expected.
1357,1127,3,Wouldn't buy again.
1358,402,4,It's okay for the price.
1359,975,4,"Not bad, could be better."
1360,224,1,Wouldn't buy again.
1361,518,2,"Not bad, could be better."
1362,634,4,It's okay for the price.
1363,236,3,Wouldn't buy again.
1364,1451,4,Absolutely loved it!
1365,116,5,Best purchase ever!
1366,1187,3,It's okay for the price.
1367,226,3,Highly recommended.
1368,230,4,Highly recommended.
1369,182,1,Disappointed.
1370,1273,3,Terrible experience.
1371,1342,5,Highly recommended.
1372,210,1,Terrible experience.
1373,1416,1,Absolutely loved it!
1374,96,1,It's okay for the price.
1375,894,3,"Not bad, could be better."
1376,756,1,Disappointed.
1377,1110,4,Best purchase ever!
1378,415,1,Works as expected.
1379,394,5,Terrible experience.
1380,696,2,Best purchase ever!
1381,844,5,Disappointed.
1382,604,3,Disappointed.
1383,582,1,Highly recommended.
1384,133,1,Best purchase ever!
1385,791,4,Wouldn't buy again.
1386,649,1,Exceeded my expectations.
1387,1338,5,Disappointed.
1388,221,3,Terrible experience.
1389,976,2,Works as expected.
1390,1462,1,Works as expected.
1391,1070,2,Absolutely loved it!
1392,1216,1,Absolutely loved it!
1393,1403,3,Highly recommended.
1394,788,5,Wouldn't buy again.
1395,691,3,Highly recommended.
1396,1358,2,Works as expected.
1397,39,1,"Not bad, could be better."
1398,1317,2,Works as expected.
1399,690,5,Disappointed.
1400,162,3,Best purchase ever!
1401,1355,2,Best purchase ever!
1402,1128,2,Disappointed.
1403,161,5,Disappointed.
1404,1078,1,Works as expected.
1405,1058,2,Best purchase ever!
1406,242,5,Best purchase ever!
1407,967,1,It's okay for the price.
1408,890,1,Best purchase ever!
1409,113,3,Disappointed.
1410,1014,5,Absolutely loved it!
1411,318,1,Wouldn't buy again.
1412,23,3,"Not bad, could be better."
1413,824,4,Disappointed.
1414,1142,5,Best purchase ever!
1415,701,4,Terrible experience.
1416,1019,1,Works as expected.
1417,1236,5,Works as expected.
1418,1442,3,Wouldn't buy again.
1419,1137,1,Disappointed.
1420,1068,5,Wouldn't buy again.
1421,128,5,Absolutely loved it!
1422,876,4,Exceeded my expectations.
1423,158,1,Highly recommended.
1424,827,3,Terrible experience.
1425,1418,3,Highly recommended.
1426,852,1,Exceeded my expectations.
1427,512,1,Terrible experience.
1428,45,2,Highly recommended.
1429,1132,4,Terrible experience.
1430,219,1,Wouldn't buy again.
1431,443,1,"Not bad, could be better."
1432,315,2,It's okay for the price.
1433,177,2,Terrible experience.
1434,228,5,Exceeded my expectations.
1435,267,3,Wouldn't buy again.
1436,870,4,It's okay for the price.
1437,838,5,Wouldn't buy again.
1438,1403,1,Absolutely loved it!
1439,489,2,Best purchase ever!
1440,702,3,Works as expected.
1441,687,5,Absolutely loved it!
1442,1314,3,Exceeded my expectations.
1443,996,2,Disappointed.
1444,357,5,Disappointed.
1445,872,5,Works as expected.
1446,204,3,Wouldn't buy again.
1447,1237,2,"Not bad, could be better."
1448,552,1,Exceeded my expectations.
1449,323,5,Works as expected.
1450,594,1,It's okay for the price.
1451,181,2,It's okay for the price.
1452,499,5,Disappointed.
1453,1344,5,Best purchase ever!
1454,83,1,Wouldn't buy again.
1455,303,4,Disappointed.
1456,262,1,"Not bad, could be better."
1457,784,1,Works as expected.
1458,1224,4,Terrible experience.
1459,1264,2,"Not bad, could be better."
1460,914,2,Terrible experience.
1461,692,5,Wouldn't buy again.
1462,944,3,Works as expected.
1463,683,3,It's okay for the price.
1464,1319,5,It's okay for the price.
1465,689,3,Absolutely loved it!
1466,396,1,It's okay for the price.
1467,1162,1,Exceeded my expectations.
1468,839,4,Absolutely loved it!
1469,878,4,Absolutely loved it!
1470,823,5,It's okay for the price.
1471,1153,5,Disappointed.
1472,49,5,Best purchase ever!
1473,789,1,Best purchase ever!
1474,293,3,Exceeded my expectations.
1475,536,5,Highly recommended.
1476,311,5,Disappointed.
1477,537,1,Highly recommended.
1478,639,1,Terrible experience.
1479,234,1,Disappointed.
1480,1233,3,Works as expected.
1481,605,5,Highly recommended.
1482,94,2,Exceeded my expectations.
1483,327,2,Exceeded my expectations.
1484,225,5,Disappointed.
1485,967,5,Absolutely loved it!
1486,890,5,Works as expected.
1487,11,5,Wouldn't buy again.
1488,1353,3,Works as expected.
1489,1036,2,Exceeded my expectations.
1490,35,4,Terrible experience.
1491,447,2,Highly recommended.
1492,1476,2,Highly recommended.
1493,1244,1,Terrible experience.
1494,441,5,"Not bad, could be better."
1495,653,5,Disappointed.
1496,595,5,Exceeded my expectations.
1497,229,1,Best purchase ever!
1498,344,3,It's okay for the price.
1499,1104,3,Terrible experience.
1500,1377,4,Terrible experience.
