product_id,name,category,price
1,Classic Game,Home,197.93
2,Eco Camera,Home,192.85
3,Wireless Game,Home,117.23
4,Smart Book,Beauty,193.9
5,Portable Camera,Home,68.78
6,Classic Game,Toys,209.32
7,Portable Shirt,Books,402.17
8,Portable Game,Electronics,242.14
9,Wireless Shirt,Clothing,13.91
10,Wireless Shirt,Toys,213.61
11,Portable Book,Electronics,18.45
12,Classic Cooker,Toys,483.29
13,Classic Book,Toys,68.09
14,Portable Book,Clothing,355.31
15,Smart Shirt,Books,486.52
16,Portable Cream,Home,413.89
17,Smart Lamp,Beauty,351.16
18,Portable Book,Books,420.53
19,Eco Cream,Beauty,490.99
20,Classic Cream,Clothing,312.57
21,Smart Lamp,Clothing,281.8
22,Portable Camera,Clothing,315.98
23,Classic Speaker,Electronics,268.67
24,Wireless Cooker,Beauty,319.37
25,Portable Cream,Books,227.67
26,Eco Speaker,Books,113.13
27,Eco Shirt,Toys,64.52
28,Eco Cooker,Toys,38.83
29,Wireless Book,Toys,135.34
30,Wireless Game,Clothing,27.83
31,Smart Shirt,Books,285.75
32,Classic Camera,Beauty,145.5
33,Smart Game,Clothing,413.14
34,Portable Camera,Electronics,41.75
35,Wireless Speaker,Toys,117.04
36,Classic Game,Clothing,366.47
37,Portable Lamp,Clothing,301.41
38,Smart Cooker,Electronics,36.92
39,Eco Speaker,Home,439.23
40,Wireless Cream,Books,439.24
41,Wireless Speaker,Beauty,168.55
42,Eco Lamp,Home,173.5
43,Smart Lamp,Toys,494.57
44,Portable Cooker,Clothing,314.96
45,Eco Cooker,Electronics,268.0
46,Smart Game,Electronics,419.89
47,Smart Book,Books,146.22
48,Classic Shirt,Home,217.45
49,Wireless Cream,Books,137.55
50,Portable Speaker,Clothing,395.63
51,Classic Cooker,Books,288.81
52,Classic Book,Beauty,331.12
53,Smart Cooker,Electronics,129.89
54,Smart Lamp,Electronics,114.01
55,Smart Cream,Toys,246.75
56,Smart Cooker,Toys,370.1
57,Eco Camera,Clothing,264.99
58,Portable Lamp,Beauty,21.16
59,Eco Lamp,Home,434.93
60,Classic Lamp,Books,37.02
61,Wireless Lamp,Clothing,478.13
62,Classic Cooker,Toys,17.45
63,Wireless Cream,Books,348.75
64,Eco Game,Toys,45.69
65,Wireless Game,Books,455.78
66,Smart Book,Home,234.89
67,Wireless Cream,Clothing,73.07
68,Portable Game,Books,173.7
69,Classic Book,Beauty,86.59
70,Portable Camera,Electronics,89.44
71,Wireless Book,Beauty,474.31
72,Portable Lamp,Beauty,225.4
73,Portable Book,Electronics,395.46
74,Eco Lamp,Beauty,321.6
75,Eco Speaker,Books,339.83
76,Eco Camera,Books,70.19
77,Wireless Game,Books,120.92
78,Smart Speaker,Electronics,394.44
79,Eco Speaker,Beauty,485.53
80,Smart Game,Electronics,135.02
81,Wireless Speaker,Books,139.43
82,Portable Book,Beauty,239.08
83,Smart Speaker,Beauty,492.0
84,Smart Book,Toys,138.13
85,Portable Book,Toys,206.45
86,Wireless Shirt,Home,446.28
87,Portable Speaker,Clothing,6.45
88,Smart Book,Toys,24.68
89,Classic Shirt,Electronics,304.02
90,Classic Shirt,Toys,454.15
91,Classic Speaker,Home,123.23
92,Smart Camera,Beauty,237.47
93,Classic Game,Home,227.98
94,Eco Cooker,Beauty,239.12
95,Smart Game,Beauty,313.15
96,Wireless Speaker,Clothing,237.52
97,Smart Book,Toys,226.5
98,Wireless Cooker,Electronics,239.77
99,Classic Lamp,Electronics,297.48
100,Classic Speaker,Books,270.82
101,Portable Game,Beauty,427.8
102,Portable Book,Electronics,29.5
103,Classic Camera,Clothing,417.49
104,Classic Shirt,Beauty,422.74
105,Classic Book,Clothing,146.03
106,Portable Cream,Electronics,234.11
107,Eco Shirt,Electronics,222.08
108,Classic Shirt,Books,113.16
109,Smart Speaker,Electronics,201.41
110,Classic Shirt,Beauty,26.97
111,Classic Camera,Beauty,142.52
112,Wireless Cream,Beauty,409.26
113,Smart Shirt,Books,145.86
114,Smart Speaker,Books,410.01
115,Smart Camera,Electronics,268.14
116,Eco Lamp,Home,440.53
117,Wireless Cream,Home,289.52
118,Classic Game,Books,19.69
119,Eco Shirt,Electronics,339.33
120,Wireless Speaker,Home,27.2
121,Wireless Game,Electronics,228.05
122,Wireless Game,Electronics,465.07
123,Eco Lamp,Electronics,86.78
124,Wireless Camera,Toys,197.99
125,Eco Book,Beauty,366.28
126,Classic Game,Electronics,441.72
127,Eco Book,Toys,337.12
128,Smart Cooker,Books,132.8
129,Eco Cream,Home,338.93
130,Classic Camera,Beauty,151.88
131,Portable Game,Home,360.62
132,Classic Game,Beauty,477.25
133,Wireless Game,Home,362.09
134,Eco Camera,Beauty,432.13
135,Classic Cooker,Home,6.04
136,Wireless Camera,Home,360.2
137,Eco Book,Home,415.65
138,Smart Game,Home,25.08
139,Portable Cream,Books,436.44
140,Eco Cooker,Electronics,132.06
141,Smart Lamp,Clothing,334.32
142,Smart Cream,Toys,401.18
143,Eco Cooker,Clothing,333.02
144,Eco Cooker,Clothing,50.68
145,Portable Cooker,Beauty,300.18
146,Eco Cream,Electronics,277.04
147,Wireless Shirt,Beauty,450.66
148,Eco Cooker,Electronics,205.1
149,Eco Speaker,Electronics,163.94
150,Classic Game,Home,376.18
151,Classic Speaker,Books,209.27
152,Smart Speaker,Home,324.82
153,Eco Shirt,Books,324.99
154,Wireless Camera,Beauty,444.58
155,Smart Shirt,Books,301.35
156,Classic Game,Beauty,253.57
157,Smart Cream,Clothing,73.74
158,Smart Book,Clothing,62.29
159,Eco Shirt,Books,81.39
160,Wireless Speaker,Books,90.06
161,Classic Camera,Beauty,320.75
162,Classic Speaker,Home,371.79
163,Portable Book,Beauty,267.35
164,Wireless Game,Home,415.36
165,Eco Book,Clothing,495.68
166,Eco Book,Electronics,410.91
167,Portable Book,Books,348.97
168,Wireless Cooker,Home,268.58
169,Classic Game,Beauty,227.18
170,Smart Lamp,Clothing,46.77
171,Smart Shirt,Home,202.69
172,Classic Camera,Beauty,455.52
173,Portable Speaker,Books,404.97
174,Smart Lamp,Books,111.95
175,Smart Lamp,Toys,235.97
176,Eco Cooker,Electronics,409.28
177,Portable Game,Toys,38.36
178,Classic Camera,Clothing,196.76
179,Eco Book,Home,426.66
180,Classic Speaker,Clothing,204.93
181,Smart Speaker,Beauty,43.42
182,Portable Shirt,Books,273.55
183,Smart Lamp,Toys,431.56
184,Eco Lamp,Toys,297.19
185,Eco Book,Toys,117.01
186,Smart Cream,Clothing,195.2
187,Eco Book,Books,227.81
188,Smart Cooker,Home,291.74
189,Wireless Shirt,Beauty,380.88
190,Portable Speaker,Home,53.94
191,Classic Cream,Clothing,445.38
192,Portable Book,Beauty,11.09
193,Smart Camera,Toys,188.18
194,Classic Lamp,Electronics,18.57
195,Smart Cream,Clothing,199.52
196,Portable Cream,Clothing,265.28
197,Wireless Shirt,Books,258.28
198,Wireless Book,Home,86.99
199,Classic Speaker,Clothing,324.64
200,Wireless Speaker,Clothing,27.17
201,Smart Cream,Toys,382.14
202,Wireless Book,Toys,473.59
203,Eco Camera,Beauty,173.19
204,Smart Shirt,Electronics,261.03
205,Portable Cooker,Books,192.56
206,Classic Cooker,Electronics,8.32
207,Portable Shirt,Beauty,196.01
208,Eco Lamp,Toys,396.9
209,Smart Shirt,Home,300.01
210,Portable Shirt,Toys,55.12
211,Portable Cooker,Books,424.33
212,Eco Book,Toys,267.89
213,Smart Game,Books,421.65
214,Classic Speaker,Books,292.21
215,Classic Book,Books,282.05
216,Classic Game,Beauty,57.1
217,Portable Lamp,Books,87.84
218,Classic Book,Books,486.15
219,Smart Speaker,Home,118.1
220,Wireless Shirt,Electronics,488.84
221,Eco Cooker,Clothing,268.3
222,Eco Speaker,Electronics,72.22
223,Portable Game,Books,54.15
224,Eco Game,Home,108.39
225,Eco Cream,Toys,463.19
226,Classic Shirt,Home,210.0
227,Smart Game,Books,200.74
228,Wireless Book,Home,160.04
229,Eco Lamp,Home,77.8
230,Smart Lamp,Books,246.49
231,Smart Speaker,Beauty,69.37
232,Wireless Cooker,Home,418.56
233,Smart Camera,Clothing,188.35
234,Classic Camera,Clothing,190.53
235,Eco Book,Home,239.63
236,Wireless Speaker,Beauty,224.84
237,Classic Shirt,Toys,497.45
238,Portable Shirt,Books,274.96
239,Wireless Book,Clothing,48.66
240,Smart Shirt,Toys,305.4
241,Portable Cooker,Home,80.03
242,Portable Book,Toys,20.31
243,Classic Speaker,Electronics,485.52
244,Portable Book,Clothing,387.9
245,Wireless Shirt,Home,490.15
246,Smart Book,Books,241.55
247,Classic Cooker,Beauty,268.47
248,Classic Cream,Home,88.33
249,Classic Book,Books,127.22
250,Portable Cooker,Beauty,420.08
251,Classic Shirt,Beauty,181.31
252,Eco Speaker,Home,414.27
253,Classic Shirt,Toys,355.96
254,Eco Speaker,Toys,92.7
255,Eco Camera,Beauty,256.19
256,Portable Lamp,Toys,340.31
257,Portable Lamp,Electronics,121.34
258,Smart Lamp,Beauty,416.19
259,Classic Shirt,Beauty,274.69
260,Wireless Book,Books,86.79
261,Classic Cooker,Toys,293.58
262,Classic Speaker,Beauty,499.86
263,Smart Cooker,Electronics,79.51
264,Classic Speaker,Books,409.29
265,Wireless Cream,Home,107.62
266,Portable Camera,Beauty,392.28
267,Portable Cooker,Electronics,368.62
268,Smart Book,Clothing,153.74
269,Smart Game,Electronics,166.28
270,Smart Shirt,Electronics,397.3
271,Portable Speaker,Books,233.42
272,Classic Speaker,Home,366.75
273,Wireless Cooker,Clothing,78.25
274,Portable Cream,Toys,427.02
275,Portable Cream,Toys,356.89
276,Eco Cream,Electronics,453.94
277,Classic Cream,Books,70.52
278,Classic Cream,Books,298.54
279,Smart Book,Toys,301.56
280,Eco Shirt,Clothing,179.96
281,Eco Shirt,Home,231.94
282,Classic Lamp,Clothing,23.8
283,Portable Camera,Beauty,374.2
284,Eco Cream,Beauty,276.91
285,Classic Speaker,Home,33.58
286,Eco Cooker,Toys,341.97
287,Classic Speaker,Home,236.06
288,Smart Camera,Books,22.06
289,Portable Shirt,Beauty,484.96
290,Smart Cooker,Electronics,474.81
291,Classic Shirt,Electronics,258.89
292,Portable Speaker,Toys,51.37
293,Eco Cooker,Books,378.54
294,Eco Cream,Clothing,248.51
295,Eco Camera,Books,154.71
296,Smart Cream,Electronics,248.25
297,Classic Shirt,Electronics,263.61
298,Classic Camera,Beauty,283.54
299,Portable Book,Books,223.41
300,Eco Camera,Books,304.85
301,Eco Game,Electronics,459.77
302,Classic Shirt,Clothing,184.32
303,Classic Speaker,Toys,364.23
304,Portable Camera,Toys,447.75
305,Eco Book,Books,230.71
306,Portable Game,Toys,224.51
307,Classic Speaker,Electronics,303.05
308,Smart Shirt,Electronics,297.75
309,Portable Lamp,Books,404.26
310,Eco Speaker,Books,240.86
311,Eco Game,Beauty,498.08
312,Smart Shirt,Books,34.44
313,Classic Book,Clothing,6.57
314,Portable Book,Toys,321.9
315,Eco Book,Books,152.73
316,Portable Cream,Home,123.99
317,Portable Game,Beauty,159.39
318,Smart Lamp,Home,131.74
319,Eco Shirt,Electronics,20.24
320,Smart Lamp,Toys,485.91
321,Eco Lamp,Books,114.27
322,Portable Speaker,Home,368.34
323,Classic Book,Toys,382.49
324,Classic Speaker,Electronics,464.98
325,Wireless Speaker,Clothing,20.12
326,Classic Game,Beauty,436.66
327,Eco Camera,Toys,265.98
328,Eco Lamp,Toys,318.11
329,Classic Shirt,Clothing,324.01
330,Eco Speaker,Toys,410.8
331,Portable Book,Electronics,170.04
332,Wireless Camera,Electronics,367.86
333,Smart Game,Clothing,266.65
334,Classic Cooker,Beauty,397.73
335,Portable Cooker,Books,495.32
336,Smart Speaker,Home,104.32
337,Smart Book,Books,497.35
338,Wireless Book,Toys,49.46
339,Wireless Cream,Home,6.15
340,Wireless Cooker,Clothing,26.86
341,Portable Game,Clothing,174.18
342,Wireless Game,Beauty,318.29
343,Eco Cooker,Home,39.17
344,Classic Lamp,Electronics,7.8
345,Smart Lamp,Home,468.86
346,Eco Book,Toys,411.85
347,Portable Game,Electronics,405.55
348,Portable Cream,Clothing,442.79
349,Eco Speaker,Home,351.52
350,Portable Cream,Books,56.68
351,Portable Cream,Beauty,202.55
352,Smart Cream,Books,362.96
353,Wireless Game,Beauty,143.77
354,Classic Camera,Toys,345.27
355,Classic Speaker,Books,17.13
356,Smart Book,Home,156.54
357,Smart Camera,Home,276.82
358,Classic Game,Books,317.88
359,Smart Cooker,Home,290.64
360,Smart Cream,Toys,350.39
361,Eco Book,Electronics,8.01
362,Eco Cream,Toys,54.97
363,Classic Shirt,Beauty,435.13
364,Classic Book,Toys,342.47
365,Wireless Book,Beauty,60.9
366,Wireless Camera,Home,421.83
367,Eco Cream,Electronics,124.9
368,Portable Shirt,Home,241.74
369,Portable Speaker,Clothing,76.87
370,Portable Shirt,Home,356.5
371,Eco Cooker,Beauty,335.09
372,Eco Lamp,Home,109.5
373,Classic Camera,Home,432.38
374,Eco Lamp,Electronics,203.65
375,Portable Game,Home,149.79
376,Wireless Speaker,Electronics,80.4
377,Wireless Cooker,Books,136.75
378,Smart Speaker,Clothing,15.9
379,Smart Speaker,Electronics,293.71
380,Classic Lamp,Beauty,421.9
381,Eco Book,Books,276.75
382,Eco Speaker,Electronics,113.54
383,Classic Book,Electronics,21.67
384,Smart Speaker,Clothing,111.24
385,Wireless Book,Beauty,210.98
386,Classic Game,Toys,381.01
387,Smart Camera,Toys,97.98
388,Portable Cream,Electronics,361.3
389,Eco Camera,Home,434.13
390,Smart Shirt,Beauty,229.7
391,Wireless Cooker,Books,411.61
392,Eco Lamp,Home,279.56
393,Wireless Book,Home,320.36
394,Classic Camera,Beauty,265.51
395,Portable Cream,Electronics,234.27
396,Eco Camera,Electronics,121.15
397,Wireless Cream,Electronics,155.08
398,Eco Cooker,Electronics,148.54
399,Smart Camera,Toys,283.83
400,Eco Cream,Electronics,64.38
401,Smart Camera,Toys,458.81
402,Wireless Cooker,Toys,361.72
403,Wireless Book,Electronics,203.72
404,Eco Lamp,Clothing,83.52
405,Eco Lamp,Books,441.59
406,Portable Camera,Home,412.77
407,Classic Game,Toys,362.25
408,Classic Cooker,Beauty,139.42
409,Classic Speaker,Beauty,204.21
410,Eco Cream,Books,55.86
411,Classic Camera,Beauty,98.57
412,Portable Game,Clothing,392.59
413,Wireless Lamp,Beauty,358.94
414,Smart Camera,Home,298.78
415,Classic Cooker,Home,448.38
416,Classic Lamp,Toys,293.72
417,Eco Game,Electronics,236.15
418,Wireless Lamp,Clothing,173.48
419,Portable Shirt,Toys,470.52
420,Eco Book,Clothing,45.94
421,Smart Speaker,Electronics,465.79
422,Smart Camera,Beauty,414.22
423,Smart Cooker,Beauty,69.32
424,Wireless Book,Electronics,284.67
425,Portable Book,Toys,433.94
426,Wireless Book,Electronics,288.05
427,Smart Lamp,Books,454.06
428,Eco Cooker,Home,471.78
429,Eco Book,Toys,214.08
430,Eco Shirt,Clothing,191.77
431,Portable Cooker,Books,468.48
432,Portable Book,Toys,339.19
433,Wireless Cooker,Electronics,62.43
434,Classic Shirt,Electronics,25.93
435,Classic Speaker,Electronics,284.49
436,Classic Speaker,Electronics,465.43
437,Classic Camera,Clothing,422.9
438,Wireless Cooker,Books,339.54
439,Smart Shirt,Beauty,73.86
440,Smart Speaker,Home,130.84
441,Classic Speaker,Clothing,438.38
442,Classic Book,Clothing,95.49
443,Wireless Lamp,Beauty,142.83
444,Eco Camera,Beauty,69.15
445,Wireless Camera,Home,339.67
446,Wireless Cooker,Home,472.27
447,Eco Game,Beauty,138.14
448,Smart Lamp,Electronics,240.33
449,Classic Shirt,Clothing,319.0
450,Portable Game,Toys,499.74
451,Portable Speaker,Home,56.88
452,Eco Lamp,Home,251.79
453,Smart Book,Beauty,195.63
454,Eco Camera,Books,433.58
455,Eco Lamp,Toys,240.6
456,Wireless Lamp,Toys,59.93
457,Eco Lamp,Home,319.04
458,Classic Lamp,Electronics,386.54
459,Smart Game,Books,6.43
460,Smart Cooker,Toys,430.18
461,Wireless Shirt,Home,97.08
462,Eco Camera,Toys,278.27
463,Classic Cooker,Books,210.82
464,Eco Speaker,Books,361.23
465,Portable Camera,Clothing,188.72
466,Classic Cooker,Beauty,435.53
467,Wireless Lamp,Beauty,366.6
468,Classic Camera,Home,325.62
469,Wireless Speaker,Books,399.14
470,Portable Book,Clothing,378.24
471,Classic Shirt,Clothing,22.79
472,Classic Shirt,Toys,200.39
473,Classic Cooker,Toys,465.75
474,Portable Lamp,Clothing,67.23
475,Classic Game,Toys,369.86
476,Eco Book,Books,487.42
477,Portable Book,Electronics,30.84
478,Portable Game,Books,342.69
479,Eco Book,Clothing,236.74
480,Classic Camera,Clothing,291.69
481,Wireless Cooker,Books,47.24
482,Wireless Camera,Toys,26.29
483,Portable Game,Toys,335.1
484,Eco Speaker,Beauty,412.54
485,Classic Shirt,Clothing,392.1
486,Eco Cream,Home,274.18
487,Portable Speaker,Beauty,54.43
488,Portable Cooker,Toys,345.58
489,Eco Speaker,Books,124.73
490,Portable Cream,Toys,455.98
491,Wireless Camera,Books,419.94
492,Portable Shirt,Beauty,356.14
493,Classic Cooker,Clothing,474.68
494,Wireless Cooker,Toys,20.55
495,Portable Shirt,Books,369.42
496,Wireless Cooker,Clothing,168.47
497,Wireless Speaker,Home,453.5
498,Smart Game,Books,137.0
499,Eco Cooker,Beauty,363.8
500,Wireless Cream,Home,439.44
501,Eco Game,Home,25.62
502,Portable Shirt,Electronics,201.84
503,Wireless Book,Toys,382.34
504,Smart Camera,Books,230.18
505,Classic Shirt,Home,137.29
506,Wireless Cooker,Electronics,113.8
507,Eco Speaker,Beauty,70.1
508,Portable Camera,Clothing,429.28
509,Classic Cooker,Books,289.8
510,Portable Game,Home,42.81
511,Wireless Book,Toys,194.38
512,Classic Game,Electronics,187.03
513,Classic Game,Home,94.96
514,Wireless Cream,Toys,220.58
515,Eco Game,Home,169.39
516,Smart Camera,Books,174.19
517,Classic Shirt,Books,370.82
518,Portable Game,Books,115.52
519,Eco Camera,Beauty,322.72
520,Wireless Shirt,Beauty,287.47
521,Portable Lamp,Electronics,286.21
522,Wireless Cooker,Books,333.19
523,Wireless Speaker,Toys,276.45
524,Wireless Lamp,Home,440.23
525,Portable Speaker,Clothing,339.41
526,Classic Cream,Toys,275.75
527,Smart Game,Beauty,415.73
528,Wireless Camera,Beauty,305.04
529,Classic Book,Toys,149.12
530,Wireless Speaker,Beauty,107.51
531,Eco Shirt,Books,80.4
532,Smart Lamp,Electronics,450.23
533,Smart Camera,Home,356.52
534,Eco Camera,Electronics,469.0
535,Classic Camera,Home,303.63
536,Classic Cream,Home,239.33
537,Portable Shirt,Electronics,34.56
538,Smart Book,Toys,337.46
539,Smart Speaker,Home,293.19
540,Portable Cream,Electronics,495.15
541,Portable Speaker,Home,123.38
542,Smart Game,Clothing,267.71
543,Eco Speaker,Toys,327.22
544,Smart Cooker,Books,324.07
545,Classic Cooker,Home,282.84
546,Smart Cream,Clothing,389.58
547,Eco Game,Books,106.47
548,Portable Shirt,Books,364.19
549,Classic Game,Home,311.77
550,Eco Shirt,Electronics,448.56
551,Wireless Lamp,Home,424.36
552,Eco Lamp,Clothing,161.0
553,Portable Shirt,Books,141.74
554,Classic Game,Home,490.92
555,Smart Shirt,Electronics,266.0
556,Wireless Camera,Home,453.68
557,Eco Cooker,Toys,86.12
558,Portable Cooker,Electronics,323.2
559,Eco Cooker,Clothing,405.88
560,Smart Book,Books,473.96
561,Classic Game,Home,171.98
562,Smart Speaker,Electronics,363.87
563,Smart Shirt,Toys,271.71
564,Wireless Camera,Electronics,35.01
565,Eco Cooker,Beauty,346.55
566,Eco Speaker,Toys,346.6
567,Classic Speaker,Clothing,465.65
568,Classic Cream,Books,251.17
569,Smart Cream,Clothing,118.97
570,Eco Book,Home,27.06
571,Portable Camera,Electronics,210.74
572,Wireless Book,Beauty,154.45
573,Portable Camera,Toys,381.74
574,Wireless Shirt,Toys,180.36
575,Classic Camera,Electronics,474.79
576,Classic Cooker,Beauty,481.34
577,Classic Shirt,Electronics,312.35
578,Portable Shirt,Home,464.69
579,Portable Cooker,Clothing,381.62
580,Portable Lamp,Toys,275.7
581,Wireless Cream,Home,94.25
582,Wireless Game,Clothing,232.01
583,Eco Game,Home,282.63
584,Smart Speaker,Beauty,432.66
585,Smart Shirt,Toys,243.26
586,Wireless Book,Electronics,449.35
587,Portable Game,Electronics,338.8
588,Wireless Shirt,Clothing,72.81
589,Wireless Cooker,Books,497.52
590,Wireless Lamp,Beauty,265.98
591,Eco Book,Clothing,198.97
592,Wireless Book,Books,331.26
593,Smart Book,Home,58.9
594,Classic Cream,Beauty,320.09
595,Wireless Cooker,Home,251.63
596,Portable Book,Toys,206.3
597,Eco Cooker,Beauty,476.74
598,Smart Book,Books,263.66
599,Eco Cooker,Toys,113.46
600,Classic Cooker,Electronics,232.19
601,Eco Lamp,Books,460.1
602,Smart Book,Clothing,92.17
603,Eco Cooker,Electronics,110.91
604,Eco Cooker,Electronics,11.45
605,Classic Camera,Clothing,12.02
606,Classic Cooker,Beauty,415.55
607,Eco Shirt,Electronics,367.4
608,Portable Speaker,Books,180.75
609,Wireless Speaker,Toys,350.66
610,Classic Speaker,Electronics,200.63
611,Portable Cooker,Books,476.68
612,Wireless Camera,Home,483.69
613,Eco Cooker,Books,199.43
614,Eco Camera,Toys,427.84
615,Wireless Camera,Books,387.68
616,Classic Shirt,Clothing,158.45
617,Smart Cream,Toys,119.86
618,Portable Lamp,Beauty,231.83
619,Smart Camera,Home,391.77
620,Eco Speaker,Clothing,480.28
621,Smart Lamp,Beauty,382.97
622,Wireless Lamp,Books,428.33
623,Eco Cream,Toys,303.52
624,Smart Camera,Home,418.53
625,Classic Speaker,Clothing,393.29
626,Smart Speaker,Beauty,191.61
627,Portable Lamp,Beauty,278.24
628,Eco Book,Home,403.35
629,Wireless Shirt,Books,27.8
630,Portable Camera,Home,405.0
631,Eco Lamp,Beauty,93.05
632,Eco Speaker,Electronics,259.77
633,Portable Cream,Clothing,405.1
634,Eco Shirt,Home,130.64
635,Wireless Camera,Beauty,126.67
636,Classic Speaker,Books,204.37
637,Classic Lamp,Beauty,447.85
638,Classic Shirt,Books,5.22
639,Smart Speaker,Home,451.18
640,Portable Camera,Books,81.13
641,Smart Cream,Toys,495.09
642,Eco Cooker,Toys,477.65
643,Portable Speaker,Toys,249.86
644,Smart Camera,Electronics,258.8
645,Eco Game,Home,243.37
646,Smart Camera,Beauty,319.54
647,Classic Cream,Beauty,49.91
648,Smart Shirt,Electronics,21.15
649,Portable Game,Books,33.56
650,Classic Camera,Electronics,224.96
651,Classic Camera,Books,141.4
652,Wireless Lamp,Books,312.91
653,Wireless Lamp,Clothing,496.26
654,Portable Shirt,Beauty,196.23
655,Portable Speaker,Toys,289.05
656,Portable Camera,Books,210.72
657,Wireless Cream,Clothing,424.4
658,Wireless Speaker,Beauty,451.61
659,Smart Speaker,Toys,439.29
660,Wireless Camera,Books,487.31
661,Smart Cooker,Books,18.62
662,Smart Speaker,Electronics,420.71
663,Classic Book,Electronics,377.13
664,Eco Book,Beauty,118.2
665,Classic Lamp,Toys,478.38
666,Eco Cooker,Books,78.35
667,Eco Game,Beauty,341.38
668,Smart Book,Beauty,116.32
669,Classic Game,Home,218.53
670,Eco Lamp,Electronics,360.98
671,Classic Lamp,Toys,283.85
672,Smart Shirt,Books,216.61
673,Wireless Cooker,Beauty,166.54
674,Smart Speaker,Books,420.63
675,Smart Camera,Home,76.19
676,Eco Cream,Toys,217.9
677,Eco Cream,Beauty,452.36
678,Portable Speaker,Books,423.7
679,Portable Game,Electronics,203.47
680,Wireless Game,Home,382.74
681,Classic Camera,Toys,412.46
682,Portable Camera,Home,445.0
683,Wireless Cream,Electronics,274.53
684,Smart Lamp,Toys,106.21
685,Wireless Shirt,Home,131.38
686,Classic Game,Clothing,151.37
687,Classic Cream,Electronics,298.93
688,Classic Lamp,Electronics,21.24
689,Classic Cream,Electronics,319.84
690,Classic Lamp,Clothing,185.36
691,Portable Lamp,Clothing,151.14
692,Eco Cream,Books,440.35
693,Wireless Game,Beauty,232.7
694,Eco Shirt,Home,52.05
695,Classic Lamp,Books,414.24
696,Classic Cream,Home,28.58
697,Classic Speaker,Beauty,364.74
698,Portable Book,Clothing,388.08
699,Wireless Game,Beauty,179.54
700,Eco Cream,Clothing,413.27
701,Portable Speaker,Beauty,260.25
702,Smart Camera,Books,234.33
703,Eco Camera,Toys,27.47
704,Smart Cooker,Books,148.56
705,Wireless Lamp,Home,465.85
706,Portable Speaker,Books,198.95
707,Wireless Lamp,Electronics,275.62
708,Portable Speaker,Home,268.35
709,Portable Cooker,Beauty,297.26
710,Portable Book,Home,35.36
711,Smart Camera,Toys,184.28
712,Classic Lamp,Clothing,362.95
713,Smart Cream,Beauty,104.28
714,Smart Lamp,Home,105.77
715,Wireless Camera,Beauty,9.99
716,Wireless Shirt,Beauty,221.55
717,Portable Game,Beauty,441.95
718,Wireless Book,Clothing,30.69
719,Eco Game,Books,99.6
720,Wireless Shirt,Beauty,158.49
721,Wireless Book,Electronics,367.2
722,Smart Book,Toys,322.11
723,Smart Cooker,Clothing,210.89
724,Classic Book,Home,380.74
725,Smart Cooker,Clothing,306.77
726,Eco Speaker,Home,448.54
727,Smart Shirt,Clothing,409.92
728,Eco Book,Home,130.14
729,Smart Shirt,Beauty,139.36
730,Eco Shirt,Books,67.05
731,Eco Camera,Home,171.8
732,Eco Book,Home,499.77
733,Portable Shirt,Electronics,205.85
734,Portable Camera,Home,114.14
735,Smart Camera,Electronics,382.43
736,Portable Lamp,Toys,273.52
737,Eco Cooker,Beauty,79.05
738,Portable Cream,Electronics,193.44
739,Portable Camera,Books,210.16
740,Smart Cream,Beauty,378.15
741,Smart Speaker,Electronics,15.23
742,Smart Camera,Beauty,138.16
743,Wireless Cooker,Beauty,261.21
744,Eco Lamp,Beauty,138.08
745,Classic Lamp,Toys,316.07
746,Wireless Cream,Books,243.52
747,Eco Lamp,Clothing,184.05
748,Eco Shirt,Clothing,474.86
749,Wireless Speaker,Electronics,317.92
750,Eco Lamp,Beauty,69.32
751,Portable Cream,Electronics,282.25
752,Eco Cream,Toys,391.46
753,Portable Speaker,Toys,355.7
754,Eco Lamp,Home,90.18
755,Classic Cooker,Toys,486.35
756,Smart Speaker,Home,227.16
757,Smart Book,Books,83.72
758,Classic Shirt,Electronics,94.2
759,Wireless Game,Books,53.63
760,Portable Cream,Toys,402.74
761,Wireless Cream,Books,65.41
762,Eco Lamp,Books,66.94
763,Eco Cooker,Books,425.98
764,Portable Game,Toys,175.58
765,Wireless Cream,Beauty,20.27
766,Portable Book,Books,30.69
767,Smart Lamp,Home,75.37
768,Eco Lamp,Toys,110.63
769,Wireless Cream,Books,334.25
770,Smart Game,Beauty,82.88
771,Smart Shirt,Toys,63.84
772,Portable Game,Clothing,383.54
773,Portable Lamp,Beauty,337.17
774,Classic Cream,Home,220.49
775,Classic Shirt,Books,276.91
776,Wireless Game,Clothing,159.43
777,Eco Speaker,Clothing,243.84
778,Classic Camera,Toys,255.8
779,Eco Cooker,Clothing,196.68
780,Wireless Lamp,Home,453.75
781,Classic Game,Home,12.95
782,Portable Speaker,Electronics,392.17
783,Classic Game,Home,66.57
784,Portable Cream,Beauty,399.79
785,Eco Lamp,Clothing,309.88
786,Eco Speaker,Home,422.42
787,Portable Speaker,Toys,53.27
788,Wireless Camera,Electronics,281.7
789,Portable Cooker,Clothing,253.04
790,Eco Speaker,Electronics,354.57
791,Smart Cooker,Clothing,269.47
792,Wireless Lamp,Toys,272.66
793,Smart Shirt,Electronics,217.65
794,Portable Lamp,Books,157.87
795,Classic Cooker,Beauty,243.72
796,Portable Cream,Beauty,63.65
797,Classic Lamp,Clothing,480.95
798,Smart Book,Books,358.63
799,Classic Book,Electronics,476.47
800,Portable Shirt,Books,117.23
801,Classic Camera,Books,440.27
802,Smart Cream,Electronics,405.35
803,Eco Lamp,Toys,340.19
804,Classic Lamp,Books,314.39
805,Smart Cream,Books,161.69
806,Classic Camera,Toys,409.12
807,Classic Speaker,Books,253.25
808,Portable Cream,Books,40.09
809,Portable Camera,Books,159.87
810,Smart Cream,Beauty,467.97
811,Smart Cream,Home,426.09
812,Smart Cooker,Toys,491.04
813,Eco Cream,Books,315.86
814,Wireless Shirt,Beauty,127.52
815,Eco Cream,Toys,85.59
816,Eco Game,Clothing,97.52
817,Portable Book,Clothing,14.8
818,Wireless Speaker,Books,198.39
819,Smart Shirt,Beauty,99.76
820,Eco Game,Beauty,208.77
821,Classic Book,Toys,467.82
822,Classic Camera,Toys,218.12
823,Classic Cooker,Beauty,439.6
824,Portable Book,Toys,304.72
825,Eco Game,Beauty,127.33
826,Smart Cream,Home,181.15
827,Smart Lamp,Beauty,46.54
828,Portable Cooker,Clothing,170.06
829,Eco Cooker,Toys,340.38
830,Wireless Shirt,Beauty,40.69
831,Smart Cooker,Beauty,106.67
832,Wireless Game,Toys,193.81
833,Smart Cream,Home,491.11
834,Eco Cream,Home,393.51
835,Classic Cream,Toys,368.08
836,Smart Lamp,Electronics,62.51
837,Wireless Game,Toys,391.59
838,Wireless Shirt,Toys,393.71
839,Smart Book,Home,302.55
840,Eco Lamp,Home,495.23
841,Smart Camera,Toys,166.0
842,Smart Cream,Toys,470.93
843,Eco Lamp,Toys,457.79
844,Smart Cooker,Home,10.68
845,Portable Shirt,Toys,227.81
846,Portable Cooker,Toys,488.67
847,Classic Speaker,Books,56.05
848,Portable Cooker,Electronics,276.15
849,Wireless Cooker,Clothing,489.58
850,Smart Speaker,Electronics,279.97
851,Eco Lamp,Books,98.96
852,Wireless Cream,Clothing,293.18
853,Classic Cream,Toys,106.2
854,Classic Camera,Books,262.25
855,Wireless Shirt,Toys,41.65
856,Classic Cooker,Home,304.71
857,Wireless Camera,Beauty,260.81
858,Smart Shirt,Books,371.38
859,Classic Speaker,Home,317.2
860,Smart Cream,Books,277.06
861,Wireless Lamp,Books,346.44
862,Smart Camera,Home,76.25
863,Portable Game,Clothing,299.7
864,Wireless Lamp,Electronics,90.19
865,Smart Lamp,Toys,463.13
866,Wireless Camera,Books,38.83
867,Classic Book,Toys,218.04
868,Smart Lamp,Beauty,349.42
869,Portable Cooker,Home,231.72
870,Smart Speaker,Toys,50.59
871,Classic Camera,Home,278.92
872,Wireless Speaker,Toys,322.61
873,Portable Speaker,Electronics,353.38
874,Wireless Speaker,Electronics,189.76
875,Wireless Shirt,Electronics,284.01
876,Wireless Game,Electronics,228.09
877,Portable Book,Electronics,337.67
878,Classic Cream,Electronics,293.86
879,Classic Shirt,Home,265.25
880,Eco Cream,Books,128.51
881,Eco Game,Toys,6.0
882,Smart Camera,Electronics,91.17
883,Wireless Cream,Home,62.95
884,Wireless Shirt,Home,227.3
885,Wireless Speaker,Home,308.07
886,Classic Lamp,Books,110.48
887,Wireless Cooker,Toys,469.83
888,Classic Shirt,Books,8.31
889,Classic Shirt,Clothing,387.29
890,Smart Speaker,Home,314.48
891,Classic Book,Clothing,189.91
892,Portable Cream,Beauty,29.99
893,Eco Camera,Electronics,315.61
894,Smart Book,Electronics,195.88
895,Wireless Shirt,Books,468.45
896,Classic Camera,Toys,273.29
897,Wireless Cream,Clothing,470.13
898,Eco Cream,Toys,114.14
899,Classic Shirt,Books,364.23
900,Portable Camera,Electronics,310.54
901,Classic Camera,Toys,371.01
902,Smart Camera,Toys,111.26
903,Portable Shirt,Electronics,334.17
904,Wireless Cream,Clothing,251.53
905,Eco Lamp,Electronics,372.7
906,Smart Cooker,Toys,166.89
907,Eco Speaker,Clothing,445.58
908,Eco Speaker,Clothing,46.73
909,Portable Lamp,Electronics,404.56
910,Classic Book,Toys,431.35
911,Smart Book,Books,409.54
912,Classic Game,Toys,258.8
913,Classic Book,Home,222.0
914,Wireless Cream,Beauty,498.15
915,Eco Book,Books,118.44
916,Classic Cream,Clothing,275.7
917,Classic Speaker,Books,336.98
918,Portable Game,Clothing,351.93
919,Wireless Game,Clothing,105.99
920,Classic Speaker,Books,328.73
921,Eco Speaker,Clothing,410.09
922,Portable Speaker,Clothing,29.76
923,Classic Speaker,Home,456.2
924,Smart Lamp,Toys,19.6
925,Wireless Cream,Toys,181.21
926,Classic Book,Beauty,12.83
927,Classic Book,Beauty,43.19
928,Classic Game,Home,456.03
929,Smart Cream,Beauty,180.66
930,Smart Cream,Books,215.26
931,Smart Shirt,Electronics,111.6
932,Smart Game,Electronics,300.56
933,Smart Book,Electronics,299.43
934,Wireless Game,Home,189.24
935,Eco Camera,Home,169.85
936,Classic Speaker,Clothing,443.06
937,Eco Cream,Electronics,194.73
938,Classic Game,Books,249.28
939,Eco Shirt,Beauty,145.24
940,Classic Cooker,Books,394.45
941,Eco Camera,Beauty,201.74
942,Classic Cream,Electronics,259.24
943,Classic Speaker,Electronics,130.41
944,Classic Camera,Electronics,493.89
945,Eco Shirt,Home,149.29
946,Classic Speaker,Beauty,386.52
947,Smart Cooker,Home,216.61
948,Portable Cream,Home,107.08
949,Smart Lamp,Toys,400.86
950,Wireless Lamp,Books,170.14
951,Smart Camera,Books,433.27
952,Wireless Lamp,Clothing,458.05
953,Classic Speaker,Home,430.61
954,Classic Cream,Beauty,22.33
955,Wireless Camera,Toys,394.75
956,Eco Game,Toys,208.61
957,Classic Cooker,Books,437.49
958,Portable Book,Home,320.79
959,Wireless Game,Clothing,417.65
960,Eco Camera,Home,252.22
961,Smart Book,Electronics,269.84
962,Smart Camera,Home,76.47
963,Eco Camera,Electronics,393.07
964,Smart Cooker,Electronics,212.6
965,Wireless Cooker,Clothing,252.54
966,Smart Lamp,Beauty,393.62
967,Eco Shirt,Books,301.43
968,Eco Game,Home,104.54
969,Classic Cooker,Electronics,297.17
970,Classic Cooker,Home,206.78
971,Eco Lamp,Beauty,237.42
972,Eco Shirt,Books,19.01
973,Smart Camera,Beauty,108.96
974,Portable Cooker,Books,144.11
975,Wireless Shirt,Toys,357.92
976,Wireless Lamp,Books,10.69
977,Classic Book,Clothing,207.34
978,Classic Cream,Beauty,462.39
979,Smart Cream,Electronics,60.38
980,Smart Book,Toys,260.63
981,Portable Game,Clothing,394.33
982,Eco Lamp,Home,471.55
983,Wireless Cooker,Beauty,374.65
984,Eco Lamp,Electronics,361.68
985,Wireless Camera,Books,414.11
986,Classic Book,Electronics,225.87
987,Portable Lamp,Home,403.89
988,Eco Speaker,Toys,8.94
989,Classic Speaker,Toys,462.66
990,Classic Book,Beauty,224.44
991,Wireless Cooker,Toys,278.92
992,Classic Cooker,Beauty,131.17
993,Smart Cooker,Beauty,372.55
994,Smart Camera,Beauty,42.93
995,Classic Camera,Books,436.95
996,Smart Book,Clothing,414.92
997,Eco Cooker,Beauty,111.95
998,Eco Game,Beauty,405.62
999,Wireless Speaker,Clothing,394.25
1000,Eco Camera,Electronics,317.95
1001,Wireless Cream,Beauty,189.89
1002,Classic Book,Books,139.39
1003,Portable Cream,Toys,119.73
1004,Wireless Shirt,Toys,162.71
1005,Portable Game,Home,452.26
1006,Smart Speaker,Home,43.43
1007,Classic Camera,Toys,415.29
1008,Portable Camera,Toys,177.7
1009,Eco Lamp,Books,263.19
1010,Classic Cooker,Clothing,398.27
1011,Portable Game,Home,442.77
1012,Smart Speaker,Clothing,175.67
1013,Classic Book,Books,233.61
1014,Wireless Game,Toys,210.19
1015,Portable Camera,Beauty,11.56
1016,Wireless Speaker,Clothing,151.49
1017,Wireless Speaker,Toys,232.3
1018,Wireless Lamp,Toys,208.49
1019,Eco Lamp,Electronics,362.35
1020,Classic Shirt,Clothing,195.48
1021,Eco Speaker,Beauty,247.24
1022,Eco Lamp,Clothing,217.66
1023,Wireless Shirt,Toys,371.61
1024,Classic Cream,Beauty,432.17
1025,Smart Lamp,Books,268.29
1026,Smart Game,Electronics,395.77
1027,Portable Lamp,Toys,151.91
1028,Eco Shirt,Home,272.98
1029,Classic Lamp,Home,175.89
1030,Eco Shirt,Electronics,210.03
1031,Portable Speaker,Books,367.54
1032,Portable Book,Toys,441.42
1033,Eco Speaker,Clothing,65.14
1034,Smart Game,Electronics,319.15
1035,Smart Cream,Books,293.16
1036,Portable Book,Clothing,63.62
1037,Classic Speaker,Home,109.89
1038,Eco Camera,Home,158.95
1039,Portable Cream,Clothing,87.63
1040,Eco Lamp,Electronics,125.65
1041,Eco Cooker,Home,137.46
1042,Portable Camera,Toys,171.16
1043,Smart Game,Beauty,375.95
1044,Portable Speaker,Clothing,288.1
1045,Portable Cooker,Clothing,493.19
1046,Portable Cooker,Home,210.29
1047,Portable Cream,Electronics,378.16
1048,Eco Cooker,Toys,436.38
1049,Classic Book,Electronics,341.09
1050,Smart Game,Books,208.87
1051,Smart Speaker,Books,378.03
1052,Eco Book,Beauty,105.82
1053,Wireless Camera,Home,167.14
1054,Eco Cream,Home,275.61
1055,Portable Game,Home,289.83
1056,Portable Shirt,Beauty,15.96
1057,Eco Book,Books,472.83
1058,Eco Cream,Electronics,349.83
1059,Eco Camera,Beauty,250.37
1060,Eco Camera,Beauty,466.9
1061,Eco Cream,Electronics,222.35
1062,Wireless Book,Home,490.32
1063,Classic Book,Toys,258.58
1064,Portable Shirt,Electronics,61.57
1065,Portable Lamp,Books,383.58
1066,Smart Speaker,Clothing,341.05
1067,Wireless Cream,Clothing,387.63
1068,Smart Lamp,Beauty,475.96
1069,Eco Cooker,Clothing,389.36
1070,Eco Cream,Toys,307.61
1071,Classic Cream,Home,429.37
1072,Smart Cooker,Books,338.26
1073,Smart Speaker,Toys,207.02
1074,Smart Book,Books,443.38
1075,Eco Camera,Books,114.84
1076,Classic Game,Home,358.75
1077,Smart Shirt,Beauty,441.37
1078,Eco Book,Clothing,367.0
1079,Wireless Lamp,Home,350.15
1080,Wireless Lamp,Toys,377.56
1081,Portable Shirt,Beauty,235.2
1082,Classic Lamp,Toys,437.71
1083,Classic Speaker,Beauty,105.7
1084,Portable Game,Toys,68.06
1085,Eco Cooker,Home,146.33
1086,Eco Book,Beauty,268.13
1087,Smart Game,Beauty,257.73
1088,Eco Camera,Books,411.2
1089,Smart Book,Books,205.26
1090,Smart Speaker,Electronics,244.75
1091,Smart Shirt,Toys,11.62
1092,Portable Book,Books,207.82
1093,Portable Game,Electronics,325.65
1094,Smart Book,Books,12.68
1095,Classic Camera,Toys,144.04
1096,Smart Shirt,Beauty,107.94
1097,Classic Speaker,Clothing,25.78
1098,Eco Cooker,Toys,242.23
1099,Smart Book,Home,94.95
1100,Classic Lamp,Books,372.83
1101,Classic Shirt,Books,424.72
1102,Eco Book,Beauty,275.06
1103,Portable Book,Home,490.95
1104,Wireless Cream,Beauty,227.99
1105,Eco Book,Home,259.12
1106,Wireless Book,Clothing,494.66
1107,Smart Cooker,Books,119.62
1108,Classic Camera,Books,471.56
1109,Portable Camera,Clothing,26.2
1110,Wireless Cream,Electronics,225.96
1111,Eco Game,Beauty,39.65
1112,Portable Lamp,Clothing,365.97
1113,Smart Game,Beauty,306.16
1114,Wireless Lamp,Toys,354.78
1115,Smart Game,Books,190.37
1116,Classic Speaker,Beauty,187.89
1117,Portable Game,Home,27.43
1118,Portable Camera,Beauty,178.22
1119,Portable Shirt,Toys,465.0
1120,Portable Shirt,Books,192.72
1121,Classic Cooker,Clothing,416.53
1122,Eco Camera,Toys,421.95
1123,Portable Lamp,Books,189.75
1124,Smart Lamp,Beauty,317.83
1125,Smart Speaker,Electronics,52.21
1126,Smart Camera,Electronics,56.32
1127,Portable Cooker,Home,29.09
1128,Wireless Shirt,Books,292.6
1129,Smart Lamp,Electronics,215.91
1130,Smart Shirt,Clothing,276.28
1131,Portable Game,Books,262.93
1132,Wireless Cooker,Clothing,178.35
1133,Portable Cooker,Clothing,340.35
1134,Smart Camera,Electronics,380.46
1135,Classic Camera,Books,12.24
1136,Classic Cream,Beauty,107.58
1137,Eco Cream,Toys,358.05
1138,Wireless Speaker,Electronics,196.38
1139,Classic Lamp,Electronics,332.93
1140,Classic Shirt,Beauty,176.75
1141,Portable Cream,Books,198.42
1142,Portable Book,Books,83.55
1143,Portable Speaker,Clothing,132.82
1144,Wireless Lamp,Beauty,304.68
1145,Eco Cream,Beauty,219.42
1146,Portable Game,Books,388.28
1147,Eco Book,Clothing,427.03
1148,Portable Speaker,Electronics,273.11
1149,Portable Speaker,Home,380.34
1150,Wireless Cream,Toys,156.92
1151,Wireless Speaker,Electronics,210.41
1152,Classic Book,Books,357.82
1153,Smart Lamp,Toys,196.17
1154,Eco Speaker,Home,296.31
1155,Classic Game,Home,96.76
1156,Wireless Speaker,Clothing,301.89
1157,Portable Cream,Toys,431.45
1158,Smart Cooker,Clothing,434.98
1159,Eco Lamp,Electronics,363.55
1160,Eco Camera,Beauty,374.15
1161,Classic Lamp,Beauty,281.17
1162,Portable Game,Beauty,294.41
1163,Classic Camera,Toys,71.16
1164,Wireless Shirt,Beauty,224.71
1165,Smart Cream,Electronics,228.13
1166,Portable Lamp,Clothing,479.46
1167,Portable Camera,Toys,218.39
1168,Classic Cooker,Clothing,276.92
1169,Classic Cream,Toys,268.96
1170,Classic Lamp,Clothing,320.2
1171,Portable Speaker,Home,375.38
1172,Classic Camera,Clothing,116.4
1173,Eco Speaker,Beauty,266.72
1174,Classic Cream,Home,413.83
1175,Wireless Cooker,Clothing,234.24
1176,Portable Game,Toys,142.84
1177,Portable Cream,Toys,329.08
1178,Portable Camera,Toys,412.76
1179,Eco Shirt,Books,36.25
1180,Eco Game,Electronics,389.51
1181,Smart Cream,Toys,411.72
1182,Eco Shirt,Home,233.45
1183,Classic Book,Toys,491.74
1184,Classic Lamp,Books,394.42
1185,Wireless Cooker,Beauty,387.96
1186,Smart Game,Home,375.18
1187,Wireless Lamp,Books,79.55
1188,Portable Speaker,Beauty,112.53
1189,Eco Lamp,Home,234.68
1190,Portable Camera,Clothing,135.68
1191,Eco Cooker,Electronics,210.54
1192,Smart Lamp,Electronics,444.79
1193,Smart Speaker,Books,413.04
1194,Classic Cooker,Beauty,316.87
1195,Eco Lamp,Electronics,429.77
1196,Eco Camera,Beauty,392.97
1197,Portable Camera,Beauty,217.35
1198,Wireless Shirt,Books,104.53
1199,Classic Book,Books,259.53
1200,Wireless Shirt,Books,369.43
1201,Classic Cooker,Electronics,221.03
1202,Classic Game,Books,335.05
1203,Classic Book,Electronics,51.69
1204,Classic Shirt,Books,375.26
1205,Classic Lamp,Toys,407.29
1206,Portable Book,Beauty,354.88
1207,Portable Cream,Books,483.8
1208,Smart Camera,Home,414.19
1209,Classic Speaker,Beauty,452.03
1210,Classic Cooker,Beauty,467.12
1211,Portable Cooker,Books,401.67
1212,Portable Shirt,Clothing,338.76
1213,Classic Shirt,Books,7.83
1214,Portable Speaker,Beauty,235.58
1215,Classic Lamp,Home,287.73
1216,Wireless Speaker,Beauty,155.49
1217,Eco Lamp,Home,162.46
1218,Smart Lamp,Electronics,480.77
1219,Wireless Speaker,Toys,446.4
1220,Wireless Speaker,Beauty,425.34
1221,Classic Book,Books,205.98
1222,Portable Speaker,Electronics,11.78
1223,Smart Speaker,Toys,44.71
1224,Eco Speaker,Books,159.54
1225,Classic Book,Clothing,12.79
1226,Eco Speaker,Books,13.49
1227,Classic Game,Home,458.72
1228,Classic Shirt,Home,354.55
1229,Smart Shirt,Clothing,157.93
1230,Classic Camera,Electronics,70.66
1231,Eco Cream,Toys,258.26
1232,Classic Cream,Books,7.65
1233,Classic Lamp,Home,469.51
1234,Wireless Cooker,Electronics,210.33
1235,Portable Shirt,Clothing,204.16
1236,Classic Camera,Beauty,198.34
1237,Portable Speaker,Home,39.32
1238,Wireless Lamp,Clothing,320.97
1239,Wireless Cooker,Books,367.84
1240,Wireless Book,Toys,339.68
1241,Portable Book,Home,73.53
1242,Portable Shirt,Home,291.53
1243,Smart Book,Books,286.89
1244,Eco Game,Beauty,434.86
1245,Portable Camera,Electronics,192.67
1246,Portable Speaker,Toys,188.89
1247,Portable Game,Home,311.17
1248,Classic Camera,Toys,318.37
1249,Wireless Book,Home,237.3
1250,Smart Cream,Toys,224.31
1251,Smart Book,Clothing,249.6
1252,Eco Speaker,Home,431.22
1253,Portable Lamp,Toys,233.28
1254,Eco Speaker,Electronics,470.27
1255,Wireless Cooker,Clothing,254.48
1256,Wireless Game,Clothing,474.85
1257,Eco Lamp,Electronics,417.25
1258,Eco Lamp,Toys,184.4
1259,Eco Book,Books,432.5
1260,Wireless Lamp,Electronics,59.48
1261,Wireless Book,Toys,462.9
1262,Smart Game,Electronics,317.66
1263,Portable Speaker,Electronics,31.92
1264,Portable Game,Home,323.91
1265,Eco Lamp,Toys,487.25
1266,Portable Camera,Books,39.55
1267,Portable Cream,Home,279.57
1268,Smart Game,Electronics,375.16
1269,Wireless Cream,Beauty,406.08
1270,Wireless Game,Electronics,209.84
1271,Smart Game,Electronics,106.06
1272,Wireless Speaker,Toys,25.96
1273,Smart Book,Toys,291.96
1274,Portable Game,Home,229.19
1275,Eco Camera,Books,474.63
1276,Portable Lamp,Home,35.0
1277,Eco Game,Clothing,344.27
1278,Eco Cream,Electronics,17.36
1279,Classic Game,Beauty,89.86
1280,Classic Shirt,Electronics,229.52
1281,Portable Lamp,Electronics,230.16
1282,Classic Game,Home,344.42
1283,Portable Speaker,Beauty,455.56
1284,Wireless Cream,Beauty,321.32
1285,Eco Game,Beauty,477.0
1286,Portable Book,Home,441.4
1287,Classic Shirt,Electronics,294.33
1288,Classic Lamp,Home,417.73
1289,Smart Shirt,Toys,323.08
1290,Classic Camera,Toys,43.89
1291,Classic Book,Home,371.58
1292,Eco Lamp,Beauty,51.98
1293,Portable Game,Electronics,299.07
1294,Classic Game,Home,352.81
1295,Wireless Game,Home,37.93
1296,Smart Cooker,Home,119.24
1297,Eco Camera,Clothing,458.26
1298,Portable Cream,Toys,310.08
1299,Eco Speaker,Beauty,126.91
1300,Wireless Camera,Books,346.89
1301,Portable Lamp,Beauty,300.4
1302,Classic Speaker,Books,253.28
1303,Wireless Book,Clothing,488.21
1304,Smart Lamp,Home,343.31
1305,Classic Shirt,Clothing,190.84
1306,Classic Lamp,Clothing,401.04
1307,Eco Cream,Electronics,442.87
1308,Wireless Camera,Toys,66.98
1309,Wireless Camera,Books,104.27
1310,Portable Lamp,Home,112.03
1311,Eco Book,Books,347.15
1312,Eco Book,Beauty,303.5
1313,Classic Shirt,Books,311.4
1314,Classic Game,Beauty,470.68
1315,Eco Camera,Toys,389.08
1316,Eco Camera,Beauty,68.33
1317,Wireless Book,Books,177.02
1318,Wireless Lamp,Books,220.52
1319,Eco Cream,Beauty,201.0
1320,Eco Speaker,Clothing,336.31
1321,Classic Game,Toys,446.49
1322,Portable Cooker,Electronics,156.5
1323,Smart Camera,Home,278.18
1324,Smart Speaker,Books,395.76
1325,Eco Cream,Home,211.03
1326,Smart Shirt,Electronics,88.22
1327,Wireless Cream,Home,240.1
1328,Eco Cream,Electronics,32.34
1329,Smart Cooker,Beauty,471.48
1330,Portable Lamp,Clothing,42.04
1331,Classic Camera,Books,222.04
1332,Eco Speaker,Electronics,267.29
1333,Smart Speaker,Home,492.73
1334,Wireless Game,Books,87.18
1335,Wireless Speaker,Clothing,61.64
1336,Wireless Game,Beauty,9.31
1337,Portable Book,Books,82.01
1338,Smart Cooker,Electronics,107.6
1339,Wireless Cooker,Clothing,317.14
1340,Classic Camera,Home,113.75
1341,Classic Camera,Clothing,15.16
1342,Smart Cream,Clothing,414.18
1343,Classic Game,Toys,185.97
1344,Portable Book,Clothing,180.08
1345,Wireless Shirt,Clothing,154.73
1346,Wireless Camera,Books,487.81
1347,Classic Lamp,Home,89.21
1348,Eco Speaker,Books,449.63
1349,Smart Game,Books,389.52
1350,Smart Cooker,Electronics,42.86
1351,Smart Book,Books,493.43
1352,Portable Cooker,Toys,139.33
1353,Eco Camera,Toys,53.8
1354,Wireless Lamp,Electronics,415.51
1355,Classic Lamp,Beauty,354.8
1356,Eco Lamp,Home,310.52
1357,Smart Shirt,Home,82.21
1358,Smart Cream,Books,241.86
1359,Smart Camera,Books,391.38
1360,Smart Camera,Beauty,155.29
1361,Portable Game,Books,159.29
1362,Wireless Speaker,Home,6.55
1363,Classic Shirt,Clothing,91.25
1364,Portable Cooker,Toys,438.33
1365,Classic Shirt,Clothing,223.66
1366,Portable Lamp,Clothing,492.2
1367,Portable Speaker,Home,200.88
1368,Portable Book,Clothing,359.02
1369,Smart Shirt,Beauty,144.55
1370,Eco Book,Electronics,185.09
1371,Classic Shirt,Books,99.41
1372,Classic Cream,Electronics,176.8
1373,Wireless Camera,Toys,275.88
1374,Eco Speaker,Books,495.93
1375,Wireless Speaker,Clothing,333.78
1376,Smart Cooker,Toys,103.63
1377,Wireless Cream,Books,27.26
1378,Classic Camera,Beauty,67.55
1379,Classic Lamp,Beauty,283.46
1380,Wireless Shirt,Beauty,383.75
1381,Smart Shirt,Beauty,470.51
1382,Eco Cooker,Clothing,12.83
1383,Eco Camera,Electronics,263.77
1384,Wireless Speaker,Books,238.08
1385,Smart Shirt,Clothing,329.75
1386,Eco Speaker,Beauty,281.99
1387,Classic Lamp,Electronics,345.08
1388,Wireless Cooker,Toys,330.75
1389,Wireless Speaker,Toys,62.92
1390,Wireless Game,Toys,400.86
1391,Classic Book,Beauty,66.0
1392,Eco Speaker,Toys,350.77
1393,Smart Camera,Home,210.99
1394,Wireless Shirt,Books,259.36
1395,Classic Lamp,Books,452.13
1396,Portable Book,Beauty,445.49
1397,Wireless Game,Home,409.84
1398,Classic Cream,Clothing,257.52
1399,Smart Book,Clothing,369.44
1400,Smart Camera,Toys,258.88
1401,Eco Lamp,Electronics,435.46
1402,Portable Lamp,Clothing,204.37
1403,Smart Cream,Electronics,485.27
1404,Classic Camera,Books,466.5
1405,Wireless Camera,Electronics,372.09
1406,Eco Cooker,Books,143.31
1407,Smart Camera,Home,70.17
1408,Wireless Camera,Home,428.08
1409,Portable Speaker,Beauty,86.82
1410,Classic Book,Beauty,427.86
1411,Eco Book,Toys,247.93
1412,Eco Camera,Clothing,206.25
1413,Smart Shirt,Toys,452.08
1414,Classic Book,Books,303.91
1415,Classic Lamp,Toys,290.42
1416,Classic Book,Electronics,281.59
1417,Eco Shirt,Books,188.73
1418,Wireless Camera,Beauty,393.89
1419,Classic Speaker,Home,130.14
1420,Smart Cream,Beauty,469.75
1421,Portable Book,Clothing,447.52
1422,Portable Shirt,Books,172.05
1423,Wireless Book,Books,366.08
1424,Classic Book,Electronics,288.75
1425,Eco Cooker,Clothing,172.14
1426,Classic Speaker,Home,494.32
1427,Wireless Camera,Books,17.49
1428,Eco Speaker,Books,130.06
1429,Classic Cooker,Electronics,262.44
1430,Eco Shirt,Toys,263.37
1431,Classic Cream,Home,296.52
1432,Smart Game,Beauty,377.08
1433,Smart Camera,Clothing,313.62
1434,Eco Game,Books,302.14
1435,Portable Game,Books,31.49
1436,Wireless Lamp,Beauty,191.38
1437,Eco Book,Home,119.87
1438,Eco Cream,Toys,136.36
1439,Classic Game,Books,279.4
1440,Eco Game,Home,103.76
1441,Portable Lamp,Beauty,150.5
1442,Classic Cooker,Electronics,122.36
1443,Smart Lamp,Toys,474.51
1444,Wireless Cream,Clothing,472.61
1445,Wireless Camera,Books,306.92
1446,Eco Camera,Home,462.64
1447,Wireless Cooker,Electronics,393.98
1448,Classic Game,Clothing,297.02
1449,Smart Lamp,Home,8.19
1450,Eco Book,Home,387.4
1451,Wireless Camera,Clothing,352.73
1452,Eco Shirt,Electronics,309.55
1453,Portable Speaker,Beauty,381.41
1454,Classic Book,Electronics,258.9
1455,Eco Game,Toys,353.52
1456,Classic Lamp,Books,467.91
1457,Portable Book,Clothing,191.02
1458,Classic Shirt,Beauty,355.52
1459,Smart Cream,Clothing,240.47
1460,Portable Shirt,Clothing,338.83
1461,Eco Cream,Electronics,382.63
1462,Smart Game,Books,27.5
1463,Wireless Lamp,Toys,325.07
1464,Eco Book,Home,117.24
1465,Classic Lamp,Home,336.67
1466,Eco Cooker,Clothing,236.82
1467,Wireless Game,Books,387.91
1468,Eco Cream,Beauty,66.08
1469,Classic Camera,Electronics,315.03
1470,Eco Camera,Books,142.84
1471,Portable Cream,Books,427.23
1472,Smart Cooker,Electronics,464.55
1473,Portable Cooker,Clothing,498.22
1474,Eco Book,Books,399.02
1475,Classic Cooker,Home,378.1
1476,Smart Cooker,Electronics,111.67
1477,Eco Shirt,Beauty,171.32
1478,Portable Speaker,Toys,235.51
1479,Wireless Cooker,Clothing,387.82
1480,Portable Cream,Electronics,457.91
1481,Portable Speaker,Toys,98.62
1482,Wireless Lamp,Toys,461.57
1483,Smart Speaker,Beauty,349.33
1484,Portable Cream,Books,307.33
1485,Eco Lamp,Beauty,103.92
1486,Portable Lamp,Books,32.48
1487,Wireless Cream,Books,286.39
1488,Eco Camera,Electronics,327.5
1489,Wireless Cooker,Electronics,109.34
1490,Classic Cooker,Clothing,280.45
1491,Classic Shirt,Books,428.96
1492,Wireless Cooker,Toys,418.36
1493,Smart Game,Home,464.04
1494,Eco Camera,Clothing,186.11
1495,Wireless Shirt,Electronics,162.43
1496,Classic Speaker,Beauty,375.97
1497,Smart Cream,Clothing,218.4
1498,Wireless Game,Clothing,48.34
1499,Eco Book,Clothing,144.99
1500,Wireless Shirt,Clothing,212.2
